,region,year,opzh,vrp,real_wage_index,unemployment_rate,living_wage,capture_mass_level,emissions_mass_level,hospital_beds,doctors,lag_opzh
84,Белгородская область,2003,68.26,76054.5,114.6,8.2,1714.0,763.0,98.0,118.0,38.9,67.38
105,Брянская область,2003,64.62,43700.3,110.6,7.4,1757.0,742.0,55.0,126.4,36.9,64.65666666666667
126,Владимирская область,2003,63.18,61818.6,109.7,10.1,1857.0,21.0,33.0,114.3,34.7,64.115
189,Воронежская область,2003,66.19,100143.3,121.8,8.1,1810.0,40.0,47.0,111.4,51.2,64.845
231,Ивановская область,2003,62.42,33214.6,109.0,6.6,2065.0,31.0,42.0,138.0,52.1,63.5
315,Калужская область,2003,64.56,48792.7,112.2,6.2,2066.0,95.0,13.0,114.6,39.8,65.78750000000001
399,Костромская область,2003,62.39,29692.1,110.8,6.2,1952.0,74.0,49.0,150.4,36.1,64.818
483,Курская область,2003,65.35,56383.1,119.8,8.5,2164.0,33.0,20.0,115.8,49.4,64.0
525,Липецкая область,2003,65.85,96241.9,113.3,4.4,1703.0,1522.0,396.0,130.2,39.7,63.1975
567,Московская область,2003,65.26,412089.3,110.5,4.4,2380.0,1099.0,171.0,103.5,34.1,62.17714285714285
714,Орловская область,2003,65.23,42073.3,103.1,7.8,1728.0,10.0,15.0,115.9,37.7,63.845
1155,Рязанская область,2003,63.91,59607.2,113.7,8.3,1918.0,237.0,120.0,129.1,53.4,62.92
1260,Смоленская область,2003,62.34,49085.7,109.1,10.8,1925.0,121.0,37.0,134.9,62.3,64.345
1302,Тамбовская область,2003,65.47,46877.7,115.0,9.0,1683.0,13.0,25.0,125.6,34.4,64.02666666666667
1323,Тверская область,2003,61.53,68805.3,112.6,6.6,2061.0,20.0,51.0,127.5,51.8,0.0
1365,Тульская область,2003,63.03,72258.0,109.3,5.3,1784.0,872.0,153.0,139.1,33.7,67.08800000000001
1533,Ярославская область,2003,63.46,92073.4,112.4,5.7,1958.0,81.0,86.0,126.0,56.9,63.53666666666666
1554,г. Москва,2003,69.64,2188231.5,119.3,1.3,3208.0,121.0,97.0,99.1,73.0,65.48833333333333
945,Республика Карелия,2003,60.81,46588.9,106.7,8.4,2425.0,164.0,132.0,123.2,49.9,63.91625
966,Республика Коми,2003,61.67,107149.0,104.5,11.9,2823.0,383.0,631.0,120.1,43.7,63.638000000000005
42,Архангельская область,2003,62.11,103951.3,110.8,9.9,2505.0,747.0,296.0,122.3,52.8,64.7325
168,Вологодская область,2003,62.47,107544.6,108.3,4.7,2026.0,1140.0,445.0,118.3,33.9,65.43333333333332
294,Калининградская область,2003,61.68,46757.7,111.9,7.6,2346.0,6.0,35.0,107.7,35.7,62.34666666666666
504,Ленинградская область,2003,61.74,121222.3,106.0,8.7,2185.0,1426.0,184.0,92.7,29.8,65.082
588,Мурманская область,2003,63.2,80604.1,101.5,10.2,3377.0,1698.0,318.0,114.3,49.0,65.29400000000001
630,Новгородская область,2003,60.84,38081.7,111.8,5.0,2053.0,54.0,50.0,126.8,38.7,65.34833333333333
777,Псковская область,2003,60.86,29488.4,114.8,8.1,1820.0,7.0,18.0,122.7,34.0,63.92333333333333
1575,г. Санкт-Петербург,2003,66.49,409638.5,104.8,4.2,2601.0,70.0,60.0,99.5,77.3,63.45625
798,Республика Адыгея,2003,67.51,9849.3,110.1,15.9,1665.0,7.0,2.0,108.3,36.8,66.09
924,Республика Калмыкия,2003,66.18,6539.5,102.2,17.5,1756.0,0.9,3.0,134.1,48.8,63.18625000000001
420,Краснодарский край,2003,67.33,248565.5,105.7,10.2,1910.0,434.0,115.0,99.4,43.2,64.7525
63,Астраханская область,2003,65.36,50659.8,109.5,10.1,1949.0,13.0,118.0,127.2,65.5,67.54
147,Волгоградская область,2003,66.43,128622.2,113.7,11.0,1821.0,410.0,224.0,120.6,47.1,65.21
1134,Ростовская область,2003,66.47,171849.0,109.6,12.6,1961.0,672.0,149.0,98.5,36.8,63.744
882,Республика Дагестан,2003,72.33,57626.7,117.3,20.6,1694.0,5.0,26.0,68.5,37.3,63.236
903,Республика Ингушетия,2003,75.13,4756.6,111.8,55.6,2026.0,0.2,1.0,43.5,24.1,63.260000000000005
273,Кабардино-Балкарская Республика,2003,68.7,25997.4,111.3,22.6,1624.0,2.0,2.0,102.8,41.2,63.07
336,Карачаево-Черкесская Республика,2003,68.1,11481.1,111.1,19.2,1740.0,260.0,14.0,97.2,33.1,64.61
1050,Республика Северная Осетия - Алания,2003,68.47,18925.2,102.1,10.2,1535.0,169.0,8.0,97.7,67.1,62.11
1281,Ставропольский край,2003,67.14,101382.6,108.3,10.5,1962.0,106.0,73.0,88.1,42.6,66.755
840,Республика Башкортостан,2003,66.39,242920.5,105.5,8.1,1780.0,666.0,462.0,102.3,41.5,63.156000000000006
987,Республика Марий Эл,2003,63.99,22987.3,114.5,12.0,1748.0,8.0,25.0,122.3,35.6,63.795
1008,Республика Мордовия,2003,66.28,33244.0,118.0,7.4,1821.0,492.0,42.0,132.4,50.7,63.685
1071,Республика Татарстан,2003,67.84,305086.1,104.7,6.7,1764.0,289.0,270.0,108.9,45.4,65.59
1407,Удмуртская Республика,2003,64.34,89034.5,110.5,6.7,1979.0,50.0,193.0,133.9,56.6,64.964
1491,Чувашская Республика,2003,66.09,45133.1,114.4,8.5,1764.0,31.0,53.0,112.6,45.9,64.935
378,Кировская область,2003,63.71,57795.8,109.6,7.3,2021.0,90.0,74.0,163.6,45.9,61.58
609,Нижегородская область,2003,64.03,206926.0,105.0,6.2,2085.0,272.0,168.0,121.3,44.1,63.4275
693,Оренбургская область,2003,65.35,115824.6,111.3,11.4,1856.0,631.0,640.0,128.0,50.0,66.52
735,Пензенская область,2003,65.67,48111.5,122.7,9.0,1800.0,33.0,21.0,103.5,38.0,62.731666666666655
1176,Самарская область,2003,65.59,256554.6,107.3,4.4,2246.0,555.0,322.0,86.4,47.7,65.44666666666666
1197,Саратовская область,2003,65.46,119909.0,114.5,10.6,2021.0,293.0,109.0,103.5,50.2,63.61875
1428,Ульяновская область,2003,65.25,55184.3,109.8,7.3,1875.0,213.0,41.0,99.6,35.9,63.962
462,Курганская область,2003,63.87,37046.2,112.8,9.4,2081.0,71.0,67.0,118.0,27.7,66.125
1239,Свердловская область,2003,63.97,284576.3,111.6,7.6,2173.0,7997.0,1265.0,108.8,42.5,64.018
1386,Тюменская область,2003,66.07,1117514.4,107.6,8.3,2127.0,37.0,3421.0,103.4,47.3,65.38375
1470,Челябинская область,2003,64.78,220185.2,113.0,5.9,2046.0,3782.0,910.0,119.1,40.0,64.0325
819,Республика Алтай,2003,60.24,6903.9,109.3,10.2,2103.0,3.0,11.0,122.3,37.8,65.94714285714285
1092,Республика Тыва,2003,54.31,8121.2,112.3,20.7,2336.0,44.0,30.0,158.0,40.4,0.0
1113,Республика Хакасия,2003,60.75,28969.2,110.4,10.5,2169.0,183.0,93.0,115.0,37.5,63.614
0,Алтайский край,2003,66.05,88733.3,108.0,12.1,1823.0,820.0,248.0,111.1,44.1,64.80799999999999
441,Красноярский край,2003,63.03,272727.0,99.6,11.1,2579.0,9201.0,2480.0,116.0,48.7,64.46
252,Иркутская область,2003,60.68,167927.1,106.5,11.7,2428.0,2886.0,520.0,124.8,48.0,65.50800000000001
357,Кемеровская область,2003,61.86,164903.1,109.6,9.8,2157.0,4256.0,1208.0,97.0,46.3,65.87666666666667
651,Новосибирская область,2003,65.83,153798.9,109.5,11.1,2317.0,893.0,206.0,122.8,57.1,65.668
672,Омская область,2003,66.01,115029.5,112.7,9.5,2012.0,1863.0,237.0,115.6,54.6,65.75200000000001
1344,Томская область,2003,64.44,97084.3,110.2,13.9,2481.0,281.0,336.0,120.4,68.6,63.6725
861,Республика Бурятия,2003,61.25,52253.7,111.4,16.9,2371.0,474.0,86.0,103.9,38.4,64.22
1029,Республика Саха (Якутия),2003,63.96,132964.1,106.0,9.3,3677.0,374.0,134.0,149.6,49.1,65.36999999999999
756,Приморский край,2003,63.07,119333.7,112.5,8.1,2924.0,2824.0,303.0,103.2,54.0,65.016
1449,Хабаровский край,2003,61.85,116318.1,113.0,6.2,3092.0,1014.0,158.0,106.7,58.3,63.822500000000005
21,Амурская область,2003,61.26,53199.9,110.7,10.2,2636.0,255.0,90.0,142.2,59.2,64.99600000000001
546,Магаданская область,2003,63.03,24325.9,115.0,10.1,3562.0,61.0,34.0,178.0,54.7,63.265
1218,Сахалинская область,2003,61.44,63139.2,116.4,9.3,3887.0,377.0,87.0,145.1,43.8,63.69499999999999
210,Еврейская автономная область,2003,60.8,8564.6,110.6,6.5,2593.0,138.0,30.0,140.3,35.0,66.49
1512,Чукотский автономный округ,2003,59.1,13501.1,109.2,4.8,5744.0,38.0,38.0,239.9,73.2,63.2
85,Белгородская область,2004,68.17,114409.3,106.1,5.9,2019.0,865.0,99.0,117.7,39.2,67.95333333333333
106,Брянская область,2004,64.16,51003.4,112.2,8.8,2000.0,735.0,53.0,127.0,37.1,64.56666666666666
127,Владимирская область,2004,62.85,74207.0,104.2,9.1,2177.0,9.0,29.0,110.8,34.4,64.3775
190,Воронежская область,2004,66.13,117197.6,109.5,8.6,2109.0,60.0,53.0,108.0,52.3,64.575
232,Ивановская область,2004,62.37,40159.4,110.4,4.6,2365.0,30.0,42.0,139.7,51.7,63.77
316,Калужская область,2004,64.46,57993.8,111.5,6.3,2307.0,107.0,12.0,116.9,39.3,65.805
400,Костромская область,2004,62.64,37787.4,107.1,5.9,2212.0,86.0,48.0,155.9,36.5,65.37800000000001
484,Курская область,2004,64.95,76506.1,111.4,7.5,2334.0,29.0,27.0,114.6,48.4,64.29
526,Липецкая область,2004,65.69,141778.3,111.0,4.2,1963.0,1221.0,387.0,134.8,40.1,63.4725
568,Московская область,2004,65.57,535204.4,109.7,3.7,2817.0,1047.0,163.0,105.7,35.4,62.442857142857136
715,Орловская область,2004,65.02,46042.3,110.6,5.9,1980.0,5.0,13.0,119.3,37.8,63.56
1156,Рязанская область,2004,64.14,69996.0,110.4,5.8,2192.0,269.0,119.0,130.4,53.5,63.4075
1261,Смоленская область,2004,62.27,56113.9,106.7,9.1,2165.0,138.0,30.0,132.5,62.1,64.305
1303,Тамбовская область,2004,65.57,56775.0,110.7,9.7,2016.0,11.0,26.0,127.7,34.2,64.35
1324,Тверская область,2004,61.63,88081.5,112.7,5.3,2361.0,19.0,46.0,128.3,51.4,0.0
1366,Тульская область,2004,63.02,88119.6,108.5,4.6,2108.0,876.0,143.0,139.1,33.7,67.136
1534,Ярославская область,2004,63.77,112438.7,111.6,4.7,2255.0,69.0,94.0,130.7,57.0,63.82999999999999
1555,г. Москва,2004,70.77,2853272.4,112.1,1.6,3703.0,79.0,91.0,98.0,73.2,65.58333333333334
946,Республика Карелия,2004,61.58,53964.1,109.6,7.3,2784.0,149.0,136.0,125.1,50.3,64.06
967,Республика Коми,2004,62.21,131588.0,106.0,12.4,3229.0,371.0,660.0,118.0,44.5,64.03800000000001
43,Архангельская область,2004,62.33,142564.7,112.9,7.2,2866.0,959.0,336.0,123.7,52.7,65.05000000000001
169,Вологодская область,2004,62.78,161378.6,114.2,6.3,2354.0,1465.0,464.0,118.6,34.2,65.59333333333333
295,Калининградская область,2004,61.36,66552.1,104.9,6.5,2703.0,6.0,33.0,109.1,36.1,63.303333333333335
505,Ленинградская область,2004,61.97,166445.0,108.4,6.8,2524.0,871.0,177.0,92.2,30.5,65.308
589,Мурманская область,2004,63.59,124972.0,104.8,11.0,3798.0,1865.0,316.0,115.5,49.9,65.30199999999999
631,Новгородская область,2004,61.44,49242.3,111.1,6.2,2401.0,89.0,53.0,124.7,38.8,65.55666666666666
778,Псковская область,2004,60.63,35816.0,108.1,5.6,2060.0,7.0,16.0,128.5,34.4,63.70666666666666
1576,г. Санкт-Петербург,2004,67.34,542359.2,110.8,2.7,2919.0,68.0,57.0,97.5,78.8,63.32375
799,Республика Адыгея,2004,67.76,12493.2,113.4,17.6,2074.0,8.0,3.0,110.6,37.3,66.31
925,Республика Калмыкия,2004,67.29,8518.5,109.7,21.7,2079.0,0.5,3.0,134.7,50.4,63.32875000000001
421,Краснодарский край,2004,67.52,313623.6,115.3,8.8,2278.0,494.0,119.0,98.4,42.3,65.2625
64,Астраханская область,2004,65.31,56710.9,111.7,11.0,2147.0,17.0,123.0,124.3,66.0,67.865
148,Волгоградская область,2004,66.94,154337.7,110.9,9.4,1978.0,327.0,224.0,119.9,48.0,65.41666666666666
1135,Ростовская область,2004,66.74,221167.4,112.5,8.6,2180.0,615.0,132.0,100.7,36.8,63.968
883,Республика Дагестан,2004,72.7,80712.4,114.2,27.2,1897.0,4.0,33.0,68.8,37.8,63.308
904,Республика Ингушетия,2004,75.92,6210.4,104.2,46.3,2193.0,0.2,1.0,45.8,25.4,63.632000000000005
274,Кабардино-Балкарская Республика,2004,69.8,29052.9,110.9,25.7,1823.0,1.0,2.0,103.1,42.2,62.96
337,Карачаево-Черкесская Республика,2004,69.54,13127.2,109.2,16.9,1973.0,262.0,14.0,97.5,32.8,64.7175
1051,Республика Северная Осетия - Алания,2004,68.42,24268.0,110.3,11.7,1841.0,207.0,10.0,114.5,67.8,62.33
1282,Ставропольский край,2004,67.78,122235.4,112.6,9.6,2244.0,103.0,77.0,87.4,43.2,67.04
841,Республика Башкортостан,2004,66.26,310845.1,107.3,7.1,2001.0,566.0,410.0,103.9,41.8,63.60999999999999
988,Республика Марий Эл,2004,63.38,30085.6,108.9,9.1,2001.0,5.0,25.0,125.1,35.1,63.80500000000001
1009,Республика Мордовия,2004,66.58,38334.9,109.2,6.0,2190.0,451.0,43.0,133.4,51.1,63.895
1072,Республика Татарстан,2004,67.65,391116.0,108.4,7.4,2012.0,231.0,240.0,109.0,44.9,65.69
1408,Удмуртская Республика,2004,64.2,100833.1,106.3,8.0,2178.0,36.0,130.0,130.7,56.4,65.134
1492,Чувашская Республика,2004,66.31,59573.8,112.7,9.9,2007.0,27.0,42.0,116.4,47.1,64.9725
379,Кировская область,2004,63.93,70706.2,111.5,8.7,2275.0,115.0,97.0,165.6,46.6,62.26666666666666
610,Нижегородская область,2004,63.75,241230.4,111.0,7.4,2355.0,227.0,161.0,116.3,44.6,63.7025
694,Оренбургская область,2004,65.37,169876.7,110.8,10.8,2059.0,774.0,905.0,130.9,50.3,66.872
736,Пензенская область,2004,65.72,59711.7,99.4,6.9,2123.0,40.0,33.0,103.9,38.2,62.54
1177,Самарская область,2004,65.69,327118.5,108.3,5.3,2630.0,499.0,354.0,86.7,48.6,65.60333333333332
1198,Саратовская область,2004,65.63,151636.9,112.4,9.9,2325.0,365.0,276.0,106.7,50.7,63.57749999999999
1429,Ульяновская область,2004,65.34,67501.0,105.2,9.5,2276.0,210.0,41.0,97.2,35.7,64.018
463,Курганская область,2004,63.88,42470.6,112.1,12.5,2313.0,15.0,48.0,122.2,27.6,66.6675
1240,Свердловская область,2004,64.42,364368.8,112.9,7.3,2432.0,7467.0,1240.0,109.9,41.9,64.128
1387,Тюменская область,2004,66.63,1536733.7,107.1,8.7,2428.0,42.0,4129.0,104.7,47.7,65.80875
1471,Челябинская область,2004,64.64,291179.9,110.8,5.2,2303.0,4353.0,945.0,120.9,40.4,64.4275
820,Республика Алтай,2004,61.13,8516.7,106.0,9.6,2458.0,3.0,14.0,124.3,38.3,66.12142857142857
1093,Республика Тыва,2004,56.49,9838.5,103.4,19.7,2659.0,57.0,25.0,179.8,43.2,0.0
1114,Республика Хакасия,2004,62.37,33102.9,107.9,10.3,2464.0,165.0,89.0,110.7,37.5,63.818000000000005
1,Алтайский край,2004,65.53,114840.5,113.6,9.0,2095.0,769.0,237.0,115.8,44.7,65.31800000000001
442,Красноярский край,2004,63.59,365454.1,107.5,9.2,2865.0,9129.0,2550.0,117.0,49.3,64.65142857142857
253,Иркутская область,2004,60.82,213244.2,107.9,10.5,2706.0,2674.0,490.0,126.6,47.6,66.138
358,Кемеровская область,2004,62.23,244462.0,116.0,9.8,2376.0,4289.0,1167.0,104.0,47.0,66.185
652,Новосибирская область,2004,65.58,191826.7,115.5,9.0,2573.0,868.0,201.0,120.6,57.1,66.232
673,Омская область,2004,65.65,192877.3,112.8,9.1,2153.0,1716.0,219.0,120.0,54.7,66.226
1345,Томская область,2004,65.36,132439.3,106.5,10.1,2774.0,300.0,296.0,124.7,65.9,64.0625
862,Республика Бурятия,2004,61.13,63918.5,106.0,15.3,2974.0,524.0,84.0,108.7,38.2,64.49
1030,Республика Саха (Якутия),2004,64.21,153496.7,105.8,8.8,4153.0,421.0,154.0,146.4,49.3,65.5
757,Приморский край,2004,62.96,152301.1,110.2,9.6,3259.0,2485.0,256.0,97.3,53.2,65.066
1450,Хабаровский край,2004,62.18,133330.5,106.6,6.6,3662.0,996.0,156.0,109.4,59.2,64.1825
22,Амурская область,2004,60.31,64250.2,108.2,11.2,3091.0,252.0,105.0,142.9,60.1,65.25
547,Магаданская область,2004,62.44,24612.3,107.0,7.9,4008.0,57.0,32.0,180.3,56.5,63.175
1219,Сахалинская область,2004,61.49,91729.6,113.8,7.5,4435.0,397.0,86.0,146.4,45.2,64.04166666666667
211,Еврейская автономная область,2004,59.4,11230.9,105.7,8.3,2940.0,114.0,30.0,149.1,35.7,67.34
1513,Чукотский автономный округ,2004,57.45,12357.8,95.0,3.5,6382.0,32.0,38.0,243.2,77.8,63.59
86,Белгородская область,2005,68.42,144987.8,111.5,6.0,2369.0,911.0,102.0,111.5,39.6,67.97
107,Брянская область,2005,63.41,66692.3,110.9,6.7,2342.0,737.0,49.0,127.4,36.4,64.47333333333333
128,Владимирская область,2005,63.28,86926.8,112.3,9.0,2595.0,9.0,29.0,104.2,33.7,64.6625
191,Воронежская область,2005,66.24,133586.6,109.6,7.5,2485.0,42.0,52.0,107.1,53.1,64.66499999999999
233,Ивановская область,2005,62.11,44415.4,113.2,6.8,2599.0,30.0,40.0,125.7,51.0,63.82000000000001
317,Калужская область,2005,64.26,70953.9,110.1,5.7,2668.0,106.0,12.0,115.2,38.8,65.70500000000001
401,Костромская область,2005,62.66,44684.7,113.5,4.8,2579.0,173.0,52.0,158.0,36.7,65.22
485,Курская область,2005,64.99,86624.9,100.4,7.1,2535.0,26.0,27.0,114.2,50.0,64.24600000000001
527,Липецкая область,2005,66.02,145194.4,112.3,8.0,2369.0,1291.0,378.0,132.2,39.8,63.43125
569,Московская область,2005,65.68,708062.1,113.2,3.3,3227.0,1032.0,167.0,110.5,34.7,62.301428571428566
716,Орловская область,2005,65.09,53181.9,110.7,6.1,2333.0,5.0,13.0,118.9,37.6,63.12
1157,Рязанская область,2005,64.03,84382.7,109.9,5.3,2495.0,454.0,141.0,118.7,53.3,63.120000000000005
1262,Смоленская область,2005,61.97,65525.6,108.3,7.8,2510.0,146.0,34.0,125.3,59.7,64.315
1304,Тамбовская область,2005,65.49,63614.8,108.3,8.5,2303.0,10.0,27.0,122.4,33.7,64.31333333333332
1325,Тверская область,2005,61.4,96897.4,106.9,5.9,2720.0,19.0,43.0,124.8,51.6,0.0
1367,Тульская область,2005,62.85,116221.2,108.8,5.0,2478.0,425.0,148.0,138.4,33.9,67.04
1535,Ярославская область,2005,63.98,131252.1,104.9,4.0,2633.0,60.0,93.0,131.2,58.1,63.84333333333333
1556,г. Москва,2005,71.36,4135154.6,121.0,0.8,4171.0,87.0,89.0,96.0,72.7,65.55166666666668
947,Республика Карелия,2005,62.06,77124.8,112.9,8.8,3216.0,154.0,129.0,120.9,50.5,64.11749999999999
968,Республика Коми,2005,62.27,171307.2,109.9,11.5,3750.0,323.0,671.0,115.4,45.0,63.932
44,Архангельская область,2005,62.93,166433.4,111.8,5.5,3574.0,942.0,314.0,122.5,53.2,65.315
170,Вологодская область,2005,63.11,193966.1,112.4,5.2,3011.0,1636.0,478.0,116.8,35.3,65.54999999999998
296,Калининградская область,2005,61.49,81837.6,108.4,6.6,3221.0,5.0,28.0,105.0,35.7,62.69666666666666
506,Ленинградская область,2005,61.96,205416.9,111.3,7.4,2829.0,740.0,209.0,88.8,30.6,65.398
590,Мурманская область,2005,63.82,132870.2,109.5,8.8,4820.0,1818.0,301.0,115.9,50.1,65.44400000000002
632,Новгородская область,2005,61.65,63848.3,111.6,5.8,2825.0,88.0,55.0,128.2,39.2,65.54833333333333
779,Псковская область,2005,60.18,40582.9,113.0,6.6,2471.0,5.0,17.0,133.2,34.7,63.64
1577,г. Санкт-Петербург,2005,67.76,666392.8,111.8,2.2,3259.0,63.0,53.0,97.6,80.0,62.955
800,Республика Адыгея,2005,68.05,17029.1,107.1,12.9,2540.0,6.0,2.0,111.1,37.6,66.38
926,Республика Калмыкия,2005,66.97,9685.7,109.5,18.0,2340.0,0.4,3.0,133.8,48.7,63.31625
422,Краснодарский край,2005,67.5,372929.8,109.2,7.5,2739.0,550.0,113.0,96.0,42.3,65.1575
65,Астраханская область,2005,64.83,70127.6,108.5,12.0,2528.0,22.0,131.0,117.2,65.7,67.965
149,Волгоградская область,2005,67.02,203232.2,109.9,6.8,2460.0,378.0,221.0,119.4,48.1,64.96333333333334
1136,Ростовская область,2005,66.91,263051.5,107.6,8.6,2648.0,720.0,146.0,100.6,37.5,63.90400000000001
884,Республика Дагестан,2005,73.29,90442.6,108.9,22.3,2227.0,2.0,27.0,66.9,37.4,63.178
905,Республика Ингушетия,2005,75.64,7419.3,117.8,64.9,2568.0,0.2,1.0,46.6,27.0,63.462
275,Кабардино-Балкарская Республика,2005,69.3,36833.4,114.4,23.4,2231.0,2.0,2.0,103.7,44.1,62.83
338,Карачаево-Черкесская Республика,2005,69.23,16724.3,110.8,13.6,2347.0,219.0,16.0,97.2,33.1,64.4
1052,Республика Северная Осетия - Алания,2005,69.62,31182.2,121.7,8.8,2091.0,235.0,6.0,101.6,66.1,62.93
1283,Ставропольский край,2005,67.72,146569.3,106.1,7.0,2594.0,72.0,75.0,88.6,44.9,67.2975
842,Республика Башкортостан,2005,66.54,381646.5,108.5,7.1,2390.0,836.0,411.0,96.4,41.7,63.36000000000001
989,Республика Марий Эл,2005,63.41,33350.7,118.0,9.9,2305.0,7.0,29.0,124.7,34.1,63.605
1010,Республика Мордовия,2005,66.58,44267.0,111.5,7.0,2454.0,485.0,37.0,125.7,51.4,63.725
1073,Республика Татарстан,2005,67.95,482759.2,116.1,6.7,2460.0,311.0,240.0,107.1,44.9,65.85
1409,Удмуртская Республика,2005,64.34,139995.3,111.0,7.8,2463.0,35.0,143.0,125.1,56.9,65.094
1493,Чувашская Республика,2005,66.38,69391.6,113.5,11.4,2236.0,44.0,38.0,112.2,47.6,65.2925
380,Кировская область,2005,64.19,79800.6,110.9,7.1,2717.0,97.0,91.0,150.2,46.3,62.18
611,Нижегородская область,2005,63.41,299723.7,109.0,6.0,2738.0,241.0,167.0,128.5,44.5,63.8175
695,Оренбургская область,2005,65.0,213138.2,115.9,9.4,2431.0,796.0,906.0,127.1,50.2,66.882
737,Пензенская область,2005,65.5,74362.7,117.1,6.5,2497.0,38.0,24.0,104.9,37.0,62.34833333333333
1178,Самарская область,2005,65.85,401812.2,109.9,5.3,3152.0,487.0,321.0,87.0,48.2,65.51666666666667
1199,Саратовская область,2005,65.9,170930.5,114.1,9.1,2634.0,380.0,182.0,105.5,52.7,63.70374999999999
1430,Ульяновская область,2005,65.24,80584.4,107.4,7.7,2530.0,182.0,35.0,96.4,35.5,64.07600000000001
464,Курганская область,2005,64.17,50245.8,112.2,11.3,2630.0,16.0,61.0,115.3,27.7,66.8575
1241,Свердловская область,2005,64.55,475575.5,111.1,6.7,2861.0,8361.0,1177.0,109.1,42.4,64.21000000000001
1388,Тюменская область,2005,66.76,2215584.4,105.2,6.7,2727.0,45.0,4179.0,99.1,49.0,65.66
1472,Челябинская область,2005,64.77,349957.2,111.4,5.4,2571.0,4363.0,880.0,120.1,40.5,64.4825
821,Республика Алтай,2005,60.42,8805.8,111.2,10.0,3016.0,2.0,13.0,117.5,38.9,66.16
1094,Республика Тыва,2005,56.01,11662.5,112.7,21.8,3105.0,41.0,24.0,170.9,42.8,0.0
1115,Республика Хакасия,2005,61.2,41727.5,111.8,8.9,2899.0,229.0,96.0,108.4,37.8,63.822
2,Алтайский край,2005,64.72,135686.4,106.4,9.0,2375.0,787.0,233.0,117.7,46.7,65.132
443,Красноярский край,2005,63.11,439736.9,108.8,9.0,3250.0,9600.0,2543.0,113.6,50.3,64.81714285714287
254,Иркутская область,2005,60.43,258095.5,113.7,10.0,2948.0,2589.0,502.0,124.5,47.5,66.03
359,Кемеровская область,2005,61.56,295378.4,115.1,8.6,2673.0,4829.0,1282.0,104.4,47.0,65.96833333333333
653,Новосибирская область,2005,65.06,235381.8,110.1,7.8,3005.0,963.0,213.0,131.8,61.7,66.264
674,Омская область,2005,65.17,220686.1,115.3,8.6,2898.0,1577.0,202.0,121.4,55.8,66.462
1346,Томская область,2005,65.0,159578.5,107.3,10.5,3212.0,247.0,281.0,125.0,67.3,63.6925
863,Республика Бурятия,2005,60.9,74912.9,107.7,12.0,3372.0,384.0,87.0,105.7,38.6,64.83333333333334
1031,Республика Саха (Якутия),2005,64.7,183027.0,106.2,8.9,4851.0,328.0,163.0,152.6,49.3,65.345
758,Приморский край,2005,62.83,186623.3,112.0,8.0,3970.0,2698.0,260.0,96.1,53.5,64.696
1451,Хабаровский край,2005,61.89,161194.4,111.0,5.7,4331.0,957.0,145.0,110.6,60.5,64.035
23,Амурская область,2005,60.34,76861.2,112.7,10.3,3771.0,229.0,104.0,144.2,60.7,65.196
548,Магаданская область,2005,62.59,27167.8,117.9,7.0,4756.0,58.0,29.0,174.7,55.2,62.84
1220,Сахалинская область,2005,60.58,121014.1,113.8,7.6,5118.0,394.0,89.0,146.9,44.0,64.05000000000001
212,Еврейская автономная область,2005,59.34,14204.2,108.9,7.9,3594.0,100.0,28.0,151.9,37.0,67.76
1514,Чукотский автономный округ,2005,58.09,12355.4,110.2,4.4,7365.0,38.0,32.0,241.8,78.8,63.82
87,Белгородская область,2006,69.27,178846.1,112.5,5.6,2901.0,787.0,105.0,110.0,40.7,68.73333333333333
108,Брянская область,2006,65.3,82100.4,112.1,6.8,2873.0,761.0,46.0,127.0,36.8,66.01333333333334
129,Владимирская область,2006,64.44,112841.7,111.1,10.9,3222.0,10.0,27.0,98.1,34.0,65.825
192,Воронежская область,2006,67.11,166176.5,114.2,5.5,2813.0,135.0,67.0,104.7,52.9,66.035
234,Ивановская область,2006,64.49,55090.0,112.6,4.2,3090.0,50.0,44.0,113.6,51.9,64.73
318,Калужская область,2006,66.03,86150.5,110.1,5.6,3197.0,107.0,12.0,112.3,39.0,66.82
402,Костромская область,2006,64.62,54351.1,112.4,5.0,2952.0,53.0,61.0,155.3,37.4,66.47800000000001
486,Курская область,2006,66.06,104035.7,114.3,7.3,2849.0,47.0,29.0,114.8,50.8,65.69600000000001
528,Липецкая область,2006,66.73,179057.3,112.6,4.9,2721.0,1075.0,379.0,130.7,41.3,64.89500000000001
570,Московская область,2006,66.4,934328.9,117.9,3.0,3775.0,1028.0,178.0,110.6,36.3,64.04142857142857
717,Орловская область,2006,66.39,64801.6,115.5,6.0,2629.0,4.0,12.0,121.0,39.7,64.85
1158,Рязанская область,2006,65.23,105491.9,113.5,5.2,2966.0,316.0,131.0,119.2,54.2,64.785
1263,Смоленская область,2006,63.01,79043.4,109.3,8.0,3187.0,169.0,42.0,122.0,59.3,65.94
1305,Тамбовская область,2006,66.84,79766.2,113.6,8.7,2736.0,11.0,42.0,121.0,34.7,66.08666666666666
1326,Тверская область,2006,62.85,127363.8,114.0,4.5,2990.0,18.0,61.0,125.9,52.7,0.0
1368,Тульская область,2006,64.23,142240.1,112.6,2.7,2795.0,377.0,164.0,126.4,34.5,68.21800000000002
1536,Ярославская область,2006,66.11,153251.5,109.8,3.0,2995.0,59.0,75.0,131.8,59.7,65.75333333333333
1557,г. Москва,2006,71.81,5260232.8,114.2,1.6,5121.0,85.0,95.0,95.1,74.0,66.82
948,Республика Карелия,2006,63.79,84228.3,112.1,3.6,3699.0,154.0,124.0,122.6,51.4,65.38749999999999
969,Республика Коми,2006,64.21,218490.7,110.2,12.4,4525.0,322.0,670.0,119.7,47.5,65.212
45,Архангельская область,2006,64.84,215932.7,108.9,5.9,4060.0,711.0,335.0,115.2,53.7,67.225
171,Вологодская область,2006,65.36,201939.2,109.1,5.3,3450.0,1976.0,483.0,117.8,35.6,66.71666666666665
297,Калининградская область,2006,64.13,103138.7,132.7,4.5,3696.0,7.0,26.0,103.9,37.0,64.89333333333333
507,Ленинградская область,2006,63.06,265260.4,108.0,5.9,3321.0,873.0,247.0,84.6,30.2,66.586
591,Мурманская область,2006,65.17,158127.0,111.8,6.7,5333.0,1964.0,293.0,114.3,50.3,66.31400000000001
633,Новгородская область,2006,62.66,74923.8,116.2,5.5,3225.0,125.0,55.0,126.2,40.4,66.66499999999999
780,Псковская область,2006,61.22,51464.9,110.1,7.4,2951.0,4.0,17.0,125.0,34.7,65.01666666666667
1578,г. Санкт-Петербург,2006,68.9,825102.3,117.3,2.4,3544.0,42.0,52.0,97.1,80.4,64.58875
801,Республика Адыгея,2006,68.27,21132.4,114.4,13.7,2962.0,12.0,2.0,111.4,38.6,66.98
927,Республика Калмыкия,2006,67.52,12844.1,109.9,16.7,2664.0,0.3,8.0,112.4,49.1,64.85000000000001
423,Краснодарский край,2006,68.74,483950.7,113.0,7.4,3278.0,647.0,152.0,95.3,42.7,66.2825
66,Астраханская область,2006,66.14,85112.1,105.7,7.9,2883.0,16.0,117.0,116.2,66.6,68.82499999999999
150,Волгоградская область,2006,67.84,252142.7,113.7,8.6,2762.0,430.0,221.0,118.4,49.3,66.34
1137,Ростовская область,2006,67.61,340012.5,115.7,8.0,3086.0,832.0,174.0,101.0,38.4,65.434
885,Республика Дагестан,2006,73.35,124153.5,113.6,22.3,2484.0,1.0,24.0,67.6,38.9,64.43
906,Республика Ингушетия,2006,76.02,9033.5,104.3,58.5,2839.0,0.1,1.0,47.8,28.4,65.04400000000001
276,Кабардино-Балкарская Республика,2006,70.14,43309.7,114.1,20.7,2558.0,2.0,2.0,105.1,45.9,64.4
339,Карачаево-Черкесская Республика,2006,70.19,23260.1,112.9,19.4,2709.0,301.0,19.0,95.5,33.8,65.89750000000001
1053,Республика Северная Осетия - Алания,2006,70.74,43341.2,112.6,8.5,2638.0,223.0,5.0,101.0,66.7,64.84
1284,Ставропольский край,2006,68.25,181675.1,114.7,8.9,3050.0,70.0,73.0,88.4,44.5,68.23249999999999
843,Республика Башкортостан,2006,67.47,505205.8,118.8,6.5,2973.0,766.0,395.0,95.2,42.7,65.118
990,Республика Марий Эл,2006,64.82,43663.7,118.1,10.2,2789.0,7.0,36.0,121.1,34.4,64.67
1011,Республика Мордовия,2006,67.75,57974.2,115.6,4.7,2816.0,495.0,40.0,125.4,51.1,65.795
1074,Республика Татарстан,2006,69.04,605911.5,116.1,5.6,2695.0,360.0,285.0,101.3,45.2,66.57
1410,Удмуртская Республика,2006,66.01,164848.5,111.5,8.4,2947.0,33.0,120.0,123.4,58.3,66.594
1494,Чувашская Республика,2006,66.98,93172.0,117.2,8.6,2712.0,34.0,32.0,109.2,48.8,66.1525
381,Кировская область,2006,65.8,97047.1,111.0,7.9,3066.0,134.0,95.0,149.9,46.7,64.24666666666666
612,Нижегородская область,2006,64.6,376180.3,111.4,5.3,3255.0,243.0,157.0,124.1,47.0,65.2275
696,Оренбургская область,2006,66.17,302808.4,114.4,6.5,2734.0,679.0,883.0,117.5,50.5,67.854
738,Пензенская область,2006,67.25,88805.0,110.2,6.5,2999.0,42.0,27.0,100.7,38.3,63.781666666666666
1179,Самарская область,2006,66.57,487713.5,112.9,4.3,3727.0,570.0,336.0,85.4,49.2,67.15333333333334
1200,Саратовская область,2006,67.37,204291.2,119.0,8.2,2919.0,354.0,188.0,105.0,52.5,64.98125
1431,Ульяновская область,2006,66.33,101950.3,113.7,6.9,2936.0,180.0,43.0,95.8,36.3,65.392
465,Курганская область,2006,65.52,68434.5,115.2,12.4,2977.0,54.0,53.0,107.7,28.3,67.9375
1242,Свердловская область,2006,66.47,653908.3,112.0,7.0,3324.0,9932.0,1250.0,110.3,43.2,65.778
1389,Тюменская область,2006,67.95,2551355.4,105.9,6.8,3555.0,37.0,4022.0,96.1,50.3,66.89
1473,Челябинская область,2006,66.17,446918.0,112.9,5.1,2939.0,5391.0,996.0,120.4,41.3,65.75500000000001
822,Республика Алтай,2006,62.49,11609.4,118.9,11.6,3841.0,4.0,13.0,119.3,40.4,67.26714285714286
1095,Республика Тыва,2006,58.43,15146.8,117.7,20.5,3321.0,33.0,23.0,170.3,43.9,0.0
1116,Республика Хакасия,2006,64.51,53689.3,111.3,9.1,3275.0,196.0,91.0,104.0,39.2,65.51400000000001
3,Алтайский край,2006,66.64,173810.5,115.4,8.8,3049.0,715.0,219.0,119.1,47.8,66.47800000000001
444,Красноярский край,2006,65.58,585881.9,107.7,9.9,3716.0,9303.0,2470.0,112.8,50.4,66.37
255,Иркутская область,2006,63.06,330834.3,112.1,8.9,3373.0,2695.0,532.0,124.2,47.1,67.10400000000001
360,Кемеровская область,2006,63.04,342210.6,109.9,7.3,2933.0,5122.0,1311.0,106.3,47.7,67.33166666666666
654,Новосибирская область,2006,66.38,296064.5,115.1,7.4,3674.0,934.0,214.0,126.1,58.6,67.53
675,Омская область,2006,66.17,262506.7,112.9,9.3,3375.0,1628.0,198.0,121.7,56.5,67.418
1347,Томская область,2006,66.5,188800.7,107.5,9.0,3572.0,234.0,285.0,125.3,68.3,65.715
864,Республика Бурятия,2006,62.43,91712.4,110.9,13.5,4014.0,463.0,84.0,106.6,39.2,66.21
1032,Республика Саха (Якутия),2006,65.55,206845.0,106.8,9.5,5456.0,308.0,160.0,145.6,53.7,66.74166666666666
759,Приморский край,2006,64.4,215934.4,111.6,8.0,4423.0,2501.0,237.0,94.1,53.4,66.06
1452,Хабаровский край,2006,63.67,194259.6,102.9,6.0,4854.0,736.0,130.0,108.0,61.0,65.93
24,Амурская область,2006,62.23,95090.9,106.7,8.2,4353.0,251.0,103.0,144.3,61.9,66.242
549,Магаданская область,2006,63.4,31203.2,108.6,5.4,5329.0,55.0,28.0,170.9,56.7,64.235
1221,Сахалинская область,2006,62.79,166105.4,110.3,4.6,5974.0,401.0,98.0,149.9,46.5,65.455
213,Еврейская автономная область,2006,61.27,17976.8,107.7,9.8,3894.0,79.0,24.0,154.6,37.7,68.9
1515,Чукотский автономный округ,2006,58.93,15538.0,98.6,3.7,8379.0,42.0,30.0,239.8,77.9,65.17
88,Белгородская область,2007,70.33,237013.3,114.8,4.2,3306.0,818.0,124.0,86.0,41.1,69.66999999999999
109,Брянская область,2007,66.11,102706.2,113.4,6.5,3405.0,759.0,48.0,125.5,36.8,66.88
130,Владимирская область,2007,65.3,146663.0,119.0,6.9,3777.0,11.0,32.0,92.9,34.0,66.71
193,Воронежская область,2007,67.52,222811.9,118.8,5.2,3607.0,53.0,71.0,104.0,53.5,66.625
235,Ивановская область,2007,65.55,74752.0,115.1,4.5,3707.0,49.0,44.0,109.7,51.5,65.755
319,Калужская область,2007,66.64,111869.0,115.7,5.0,3600.0,106.0,13.0,109.3,38.4,67.755
403,Костромская область,2007,66.27,65700.4,113.4,3.3,3637.0,31.0,63.0,153.3,38.2,67.374
487,Курская область,2007,66.66,128799.0,115.5,4.9,3422.0,35.0,27.0,102.5,53.1,66.574
529,Липецкая область,2007,67.31,209821.5,115.9,2.8,3394.0,1076.0,382.0,128.4,42.0,66.0125
571,Московская область,2007,66.93,1295649.9,121.8,2.0,4467.0,1175.0,163.0,101.3,37.9,65.35428571428571
718,Орловская область,2007,67.23,77101.2,117.6,5.8,3176.0,7.0,12.0,119.2,40.2,65.61
1159,Рязанская область,2007,65.61,121305.2,115.4,4.0,3686.0,374.0,135.0,119.4,54.9,66.2325
1264,Смоленская область,2007,64.46,95703.4,115.3,6.5,3723.0,116.0,37.0,120.0,59.1,67.0975
1306,Тамбовская область,2007,67.9,106039.6,114.6,8.8,3076.0,12.0,50.0,110.4,34.3,66.92333333333333
1327,Тверская область,2007,63.99,156034.6,116.6,4.2,3877.0,26.0,69.0,124.3,52.2,0.0
1369,Тульская область,2007,65.01,174110.9,116.8,2.6,3633.0,425.0,163.0,125.8,34.4,68.894
1537,Ярославская область,2007,67.0,186577.5,113.2,3.4,3997.0,61.0,78.0,131.8,60.1,66.91666666666666
1558,г. Москва,2007,72.5,6696259.1,120.5,0.8,5855.0,90.0,79.0,97.6,74.5,67.98166666666665
949,Республика Карелия,2007,65.12,104603.3,112.9,6.2,4625.0,158.0,120.0,116.6,51.0,66.44999999999999
970,Республика Коми,2007,65.83,241150.5,110.1,10.0,5167.0,298.0,655.0,118.5,47.1,66.174
46,Архангельская область,2007,66.27,268672.1,111.4,5.6,4907.0,749.0,403.0,115.9,56.3,68.205
172,Вологодская область,2007,66.96,243336.3,110.7,4.1,4073.0,2238.0,463.0,114.9,35.6,67.71999999999998
298,Калининградская область,2007,65.79,143927.7,119.9,3.4,4097.0,7.0,36.0,90.8,36.6,66.21000000000001
508,Ленинградская область,2007,64.58,309028.6,117.9,4.0,3835.0,982.0,237.0,86.0,35.0,67.458
592,Мурманская область,2007,66.72,191584.6,111.9,6.5,5930.0,2044.0,295.0,116.7,51.4,66.79
634,Новгородская область,2007,63.96,86664.9,113.4,5.2,3964.0,93.0,49.0,126.7,40.2,67.62166666666666
781,Псковская область,2007,64.09,61561.9,118.8,4.9,3559.0,3.0,16.0,123.8,35.0,65.66
1579,г. Санкт-Петербург,2007,69.86,1119660.3,121.5,2.1,4158.0,45.0,46.0,94.9,79.1,65.505
802,Республика Адыгея,2007,68.77,29085.1,115.6,10.3,3531.0,5.0,3.0,115.9,39.1,67.39
928,Республика Калмыкия,2007,68.35,17225.8,117.2,14.4,3317.0,0.3,6.0,110.9,49.3,65.94874999999999
424,Краснодарский край,2007,69.25,648211.3,117.1,6.5,3832.0,985.0,143.0,93.2,42.2,67.33
67,Астраханская область,2007,67.02,100359.2,108.2,8.9,3466.0,17.0,129.0,113.6,66.2,69.775
151,Волгоградская область,2007,68.84,331766.8,116.3,6.4,3701.0,328.0,227.0,117.8,50.4,67.37666666666667
1138,Ростовская область,2007,68.38,450434.7,118.1,6.8,3728.0,755.0,163.0,100.8,38.6,66.41
886,Республика Дагестан,2007,74.21,156928.8,115.3,20.2,3153.0,2.0,17.0,65.7,38.1,65.34600000000002
907,Республика Ингушетия,2007,79.0,16812.4,104.8,47.3,3172.0,0.3,1.0,50.6,29.5,66.13
277,Кабардино-Балкарская Республика,2007,71.18,48908.7,114.2,17.6,3034.0,3.0,3.0,101.4,45.9,65.11
340,Карачаево-Черкесская Республика,2007,71.28,27469.7,116.7,18.3,3144.0,326.0,20.0,92.0,33.7,66.8
1054,Республика Северная Осетия - Алания,2007,71.74,52804.8,117.7,9.7,3029.0,225.0,5.0,100.7,69.7,66.27
1285,Ставропольский край,2007,69.49,222239.6,117.6,6.4,3523.0,69.0,69.0,87.4,45.0,69.115
844,Республика Башкортостан,2007,67.81,590054.1,118.1,6.6,3371.0,474.0,407.0,95.3,43.0,66.308
991,Республика Марий Эл,2007,66.16,55069.2,122.1,9.0,3277.0,7.0,28.0,118.9,35.3,65.715
1012,Республика Мордовия,2007,68.4,77048.8,117.3,3.6,3260.0,486.0,32.0,114.4,50.7,66.58500000000001
1075,Республика Татарстан,2007,69.44,757401.4,120.1,5.6,3172.0,391.0,266.0,99.4,44.8,67.19
1411,Удмуртская Республика,2007,66.59,205647.4,115.0,7.9,3605.0,27.0,120.0,128.5,57.8,67.332
1495,Чувашская Республика,2007,67.39,123453.3,123.3,8.8,3351.0,26.0,29.0,104.1,48.6,67.025
382,Кировская область,2007,67.02,118154.9,115.9,5.9,3753.0,113.0,93.0,148.8,47.3,65.53666666666666
613,Нижегородская область,2007,65.58,473307.4,113.6,4.5,3865.0,250.0,149.0,122.7,47.1,66.3525
697,Оренбургская область,2007,66.68,370880.9,115.5,7.2,3442.0,756.0,804.0,116.4,50.8,69.20400000000001
739,Пензенская область,2007,68.3,119104.0,121.8,5.2,3448.0,45.0,26.0,100.8,38.5,65.04999999999998
1180,Самарская область,2007,67.19,584968.6,113.4,4.3,4279.0,457.0,325.0,87.0,48.9,67.97333333333333
1201,Саратовская область,2007,68.01,252867.2,120.1,8.0,3735.0,388.0,162.0,102.3,52.2,66.04124999999999
1432,Ульяновская область,2007,66.97,124676.2,114.6,4.7,3507.0,176.0,43.0,98.5,36.4,66.74600000000001
466,Курганская область,2007,66.66,81076.0,110.5,8.6,3509.0,52.0,50.0,107.9,28.4,68.97999999999999
1243,Свердловская область,2007,67.5,820792.5,119.1,5.3,3902.0,9551.0,1220.0,108.3,44.6,66.60600000000001
1390,Тюменская область,2007,68.57,2758813.1,111.0,5.8,3983.0,36.0,4086.0,95.2,51.2,68.195
1474,Челябинская область,2007,67.14,575643.7,117.7,2.5,3578.0,5109.0,970.0,118.1,41.4,66.7225
823,Республика Алтай,2007,64.33,15108.5,115.0,8.8,4525.0,4.0,11.0,117.4,41.3,68.45428571428572
1096,Республика Тыва,2007,59.16,19384.2,114.6,17.1,4019.0,23.0,21.0,169.6,43.6,0.0
1117,Республика Хакасия,2007,66.19,63722.0,109.6,6.9,3723.0,214.0,94.0,102.5,39.1,66.61200000000001
4,Алтайский край,2007,67.22,223563.4,116.4,6.5,3561.0,694.0,215.0,118.3,49.2,67.36000000000001
445,Красноярский край,2007,66.58,734154.8,115.8,8.2,4178.0,9546.0,2500.0,110.6,51.6,67.2642857142857
256,Иркутская область,2007,64.9,402654.7,113.0,8.1,3940.0,2678.0,554.0,123.8,49.7,68.558
361,Кемеровская область,2007,64.01,437790.2,111.9,6.3,3565.0,4881.0,1454.0,102.8,48.3,68.23333333333333
655,Новосибирская область,2007,67.43,365531.2,121.3,7.1,4210.0,968.0,207.0,119.3,57.2,68.6
676,Омская область,2007,66.54,296004.7,114.9,8.0,3929.0,1633.0,198.0,122.3,57.5,68.322
1348,Томская область,2007,67.68,214487.0,117.8,6.9,4131.0,213.0,320.0,124.7,67.6,67.0625
865,Республика Бурятия,2007,64.2,107442.0,117.2,12.9,4148.0,537.0,91.0,111.5,40.9,66.98
1033,Республика Саха (Якутия),2007,66.17,242656.5,109.6,7.6,6733.0,307.0,162.0,140.7,52.2,68.18166666666666
760,Приморский край,2007,65.11,259041.4,112.6,7.0,5111.0,2353.0,227.0,91.1,52.7,67.382
1453,Хабаровский край,2007,64.76,231293.2,114.1,5.9,5443.0,633.0,128.0,100.7,60.6,67.0425
25,Амурская область,2007,63.93,111761.2,113.0,6.4,5026.0,246.0,117.0,134.5,62.8,66.958
550,Магаданская область,2007,63.57,35314.4,112.9,5.7,6276.0,49.0,28.0,167.3,57.5,66.195
1222,Сахалинская область,2007,64.48,286273.0,112.7,4.7,6606.0,511.0,100.0,141.8,47.2,66.48166666666665
214,Еврейская автономная область,2007,61.94,23726.1,116.4,9.7,4674.0,86.0,24.0,155.6,37.8,69.86
1516,Чукотский автономный округ,2007,58.72,20984.1,109.6,3.6,8974.0,38.0,27.0,230.0,74.8,66.72
89,Белгородская область,2008,70.49,317656.3,112.3,4.1,3839.0,650.0,116.0,82.6,40.6,70.16333333333333
110,Брянская область,2008,66.49,125834.4,106.8,6.5,3983.0,365.0,30.0,103.8,36.3,67.28999999999999
131,Владимирская область,2008,65.45,175395.7,108.5,5.6,4545.0,10.0,39.0,79.2,33.6,66.94749999999999
194,Воронежская область,2008,67.82,287072.1,113.7,5.3,4180.0,43.0,78.0,92.3,51.0,67.02
236,Ивановская область,2008,65.96,86980.3,107.9,5.1,4252.0,67.0,41.0,106.2,50.9,66.25999999999999
320,Калужская область,2008,66.8,150394.4,111.1,4.8,4234.0,108.0,13.0,99.8,38.9,68.1325
404,Костромская область,2008,66.34,81040.7,110.4,5.1,4323.0,37.0,61.0,132.3,36.5,67.83600000000001
488,Курская область,2008,66.85,167865.8,108.0,6.4,4042.0,29.0,25.0,97.9,54.8,67.042
530,Липецкая область,2008,67.53,259532.2,105.0,4.9,4137.0,980.0,353.0,115.8,41.9,66.3025
572,Московская область,2008,67.3,1645753.0,115.8,2.8,5170.0,1202.0,195.0,87.3,36.4,65.65142857142857
719,Орловская область,2008,67.7,96669.9,113.3,6.0,3743.0,6.0,20.0,113.6,39.8,65.995
1160,Рязанская область,2008,66.43,150151.2,110.0,5.5,4383.0,419.0,146.0,109.1,57.5,66.48
1265,Смоленская область,2008,64.53,121601.3,108.0,7.1,4474.0,143.0,43.0,111.7,57.3,67.48
1307,Тамбовская область,2008,68.24,120836.0,113.4,9.2,3493.0,11.0,59.0,99.9,34.4,67.35
1328,Тверская область,2008,64.82,192283.0,111.9,5.1,4470.0,33.0,58.0,104.0,50.4,0.0
1370,Тульская область,2008,65.42,231730.8,108.2,3.5,4354.0,466.0,160.0,118.3,34.1,69.34200000000001
1538,Ярославская область,2008,67.6,214946.3,106.1,6.0,4701.0,60.0,81.0,121.1,60.1,67.37333333333333
1559,г. Москва,2008,72.84,8248652.0,115.6,0.9,6648.0,89.0,70.0,96.1,75.2,68.28666666666666
950,Республика Карелия,2008,65.48,115208.2,111.3,8.4,5381.0,165.0,120.0,109.9,51.4,66.74625
971,Республика Коми,2008,66.2,291812.1,106.5,7.3,6198.0,283.0,618.0,115.3,47.5,66.56400000000001
47,Архангельская область,2008,66.94,289755.9,110.4,7.0,5661.0,1055.0,396.0,106.9,54.9,68.435
173,Вологодская область,2008,66.91,294926.2,108.4,5.9,4851.0,2049.0,459.0,108.4,36.2,68.1
299,Калининградская область,2008,66.51,179266.7,105.1,8.7,4995.0,20.0,33.0,81.8,35.4,66.48666666666666
509,Ленинградская область,2008,65.22,383255.4,115.4,6.0,4400.0,825.0,219.0,75.5,34.1,67.61000000000001
593,Мурманская область,2008,66.7,213733.5,111.9,7.0,6960.0,1684.0,276.0,110.6,50.2,67.25800000000001
635,Новгородская область,2008,63.62,115141.3,108.8,4.9,4617.0,91.0,46.0,100.8,41.9,68.055
782,Псковская область,2008,63.62,73283.2,111.1,6.8,4247.0,4.0,18.0,105.5,32.9,65.95666666666666
1580,г. Санкт-Петербург,2008,70.48,1431839.6,111.4,2.0,4901.0,60.0,40.0,91.8,80.9,65.925
803,Республика Адыгея,2008,68.67,36134.4,107.8,7.7,4102.0,6.0,3.0,107.2,37.6,67.84
929,Республика Калмыкия,2008,68.99,20789.7,109.0,16.0,3700.0,0.3,4.0,101.1,49.3,66.21624999999999
425,Краснодарский край,2008,69.72,803834.1,112.9,4.8,4458.0,840.0,147.0,85.0,42.4,67.605
68,Астраханская область,2008,67.97,147549.1,108.6,7.5,4221.0,20.0,125.0,100.8,66.7,70.08
152,Волгоградская область,2008,68.99,416678.5,107.2,8.1,4301.0,237.0,221.0,104.7,50.5,67.87666666666667
1139,Ростовская область,2008,68.88,576125.7,111.3,6.6,4339.0,900.0,185.0,92.3,37.7,66.808
887,Республика Дагестан,2008,74.37,216277.2,113.0,13.4,3648.0,2.0,19.0,65.3,38.3,65.72
908,Республика Ингушетия,2008,80.1,19172.9,103.7,55.0,3986.0,0.1,1.0,50.3,30.4,66.31800000000001
278,Кабардино-Балкарская Республика,2008,72.53,58093.4,108.0,18.3,3538.0,2.0,3.0,101.0,43.9,65.5
341,Карачаево-Черкесская Республика,2008,71.55,35714.2,105.7,16.0,3640.0,274.0,17.0,87.3,34.1,67.145
1055,Республика Северная Осетия - Алания,2008,71.45,57707.4,104.4,10.1,3570.0,221.0,5.0,97.5,69.5,66.94
1286,Ставропольский край,2008,69.68,274992.0,110.5,7.8,4331.0,83.0,77.0,81.0,43.7,69.4725
845,Республика Башкортостан,2008,68.0,743133.4,111.4,5.2,3974.0,500.0,417.0,89.2,41.6,66.688
992,Республика Марий Эл,2008,66.45,65765.3,108.1,9.2,3933.0,6.0,39.0,114.2,34.1,66.21000000000001
1013,Республика Мордовия,2008,68.74,94058.3,113.7,2.4,3867.0,537.0,44.0,107.2,51.0,67.065
1076,Республика Татарстан,2008,70.05,926056.7,115.1,4.9,3846.0,381.0,274.0,80.8,43.0,67.51
1412,Удмуртская Республика,2008,67.19,243135.5,107.1,7.9,4065.0,30.0,119.0,117.3,58.4,67.62
1496,Чувашская Республика,2008,67.84,155032.3,111.1,8.1,3981.0,19.0,37.0,91.6,48.6,67.0875
383,Кировская область,2008,66.94,151116.7,107.5,7.3,4344.0,84.0,84.0,129.0,47.8,65.82
614,Нижегородская область,2008,66.1,588790.8,110.7,5.6,4713.0,246.0,166.0,107.2,46.8,66.5975
698,Оренбургская область,2008,66.76,430023.1,109.9,7.1,4033.0,914.0,738.0,106.9,51.2,69.458
740,Пензенская область,2008,68.67,147853.2,117.5,7.8,4072.0,34.0,29.0,95.4,38.2,65.125
1181,Самарская область,2008,67.51,699295.6,108.2,4.2,4984.0,294.0,305.0,84.5,47.7,68.41
1202,Саратовская область,2008,68.39,321747.2,116.1,7.9,4203.0,408.0,157.0,96.5,52.4,66.17125
1433,Ульяновская область,2008,67.89,150680.3,111.5,7.3,4074.0,185.0,37.0,97.0,36.2,66.848
467,Курганская область,2008,66.67,106223.2,110.7,9.2,4249.0,153.0,58.0,96.5,29.4,69.33
1244,Свердловская область,2008,67.75,923550.8,108.2,4.8,4714.0,10597.0,1289.0,108.5,44.6,67.044
1391,Тюменская область,2008,68.89,3121401.3,106.7,6.5,4717.0,36.0,3494.0,88.8,50.9,68.60499999999999
1475,Челябинская область,2008,67.23,664492.7,108.8,4.4,4320.0,2656.0,958.0,99.0,40.9,67.05
824,Республика Алтай,2008,65.15,18701.0,109.4,12.6,5512.0,5.0,11.0,98.6,41.8,68.73571428571428
1097,Республика Тыва,2008,60.48,23870.5,110.0,19.2,4581.0,29.0,22.0,153.3,45.0,0.0
1118,Республика Хакасия,2008,66.53,72308.8,113.2,7.3,4448.0,197.0,99.0,87.6,39.4,66.876
5,Алтайский край,2008,67.52,259343.1,108.2,8.4,4510.0,746.0,212.0,115.0,47.5,67.778
446,Красноярский край,2008,66.94,737950.5,109.0,6.5,5232.0,9388.0,2458.0,101.0,51.8,67.71
257,Иркутская область,2008,65.01,438852.4,107.7,8.7,4743.0,3260.0,632.0,110.9,49.7,69.012
362,Кемеровская область,2008,64.64,575901.9,109.5,6.7,4099.0,5040.0,1503.0,93.1,48.1,68.53166666666665
656,Новосибирская область,2008,68.0,453574.6,115.0,7.3,4927.0,1048.0,232.0,110.8,57.8,68.87400000000001
677,Омская область,2008,67.54,347760.3,107.9,8.0,4528.0,1920.0,236.0,112.5,57.8,68.55600000000001
1349,Томская область,2008,67.66,248906.2,108.1,8.0,4812.0,261.0,322.0,112.7,66.8,67.5075
866,Республика Бурятия,2008,64.37,124738.5,110.8,11.6,4647.0,1091.0,98.0,101.1,39.9,67.28999999999999
1034,Республика Саха (Якутия),2008,65.78,309518.3,111.5,9.0,7516.0,360.0,183.0,121.2,54.1,68.52666666666667
761,Приморский край,2008,65.5,316581.9,112.4,7.5,6071.0,2552.0,242.0,91.6,52.4,67.80199999999999
1454,Хабаровский край,2008,65.27,269178.6,105.6,8.7,6902.0,545.0,115.0,98.5,59.2,67.47999999999999
26,Амурская область,2008,63.53,131563.7,108.6,5.1,5688.0,251.0,109.0,114.7,61.0,67.20400000000001
551,Магаданская область,2008,63.7,42053.8,108.9,7.3,7506.0,45.0,24.0,153.8,55.7,66.145
1223,Сахалинская область,2008,64.39,333581.6,113.8,8.1,7531.0,410.0,87.0,143.1,48.7,66.93666666666667
215,Еврейская автономная область,2008,62.66,23977.0,109.4,10.1,5386.0,71.0,21.0,141.9,36.7,70.48
1517,Чукотский автономный округ,2008,59.65,30558.7,114.4,4.7,9856.0,33.0,25.0,226.3,76.7,66.7
90,Белгородская область,2009,71.07,304345.3,93.3,4.8,4172.0,647.0,126.0,81.9,40.6,70.73333333333333
111,Брянская область,2009,67.86,126477.4,95.1,10.7,4311.0,345.0,33.0,96.1,36.9,68.25999999999999
132,Владимирская область,2009,66.23,185824.6,96.6,8.8,4973.0,13.0,31.0,77.5,33.4,67.97500000000001
195,Воронежская область,2009,68.94,301729.1,97.0,8.6,4924.0,53.0,75.0,90.2,52.4,68.16
237,Ивановская область,2009,66.72,87061.9,99.4,10.8,4642.0,67.0,39.0,103.9,51.0,67.47
321,Калужская область,2009,67.56,154946.1,96.0,6.2,4583.0,131.0,12.0,100.5,40.1,68.98
405,Костромская область,2009,67.17,78920.7,96.7,8.3,4789.0,53.0,55.0,110.5,36.1,68.362
489,Курская область,2009,68.06,161570.9,94.6,8.8,4493.0,28.0,37.0,94.8,54.6,67.924
531,Липецкая область,2009,68.44,226662.0,91.7,5.6,4563.0,1012.0,346.0,103.5,41.6,67.04500000000002
573,Московская область,2009,68.21,1519446.3,96.5,4.9,5850.0,940.0,194.0,87.9,36.0,66.52
720,Орловская область,2009,68.68,90623.6,94.8,9.9,4145.0,6.0,22.0,102.7,40.2,67.28999999999999
1161,Рязанская область,2009,67.69,153634.1,94.0,9.2,4868.0,305.0,132.0,106.7,55.0,66.7875
1266,Смоленская область,2009,65.55,125348.9,95.2,7.7,4977.0,84.0,43.0,112.1,58.5,68.12
1308,Тамбовская область,2009,68.78,136323.9,100.1,9.1,3805.0,10.0,86.0,100.2,34.6,68.13999999999999
1329,Тверская область,2009,65.3,197687.0,97.4,7.7,4968.0,29.0,54.0,102.7,51.5,0.0
1371,Тульская область,2009,66.69,214925.4,97.6,6.1,4752.0,441.0,156.0,109.6,33.9,69.994
1539,Ярославская область,2009,68.59,212684.4,92.6,8.0,5113.0,52.0,78.0,114.8,61.6,68.00999999999999
1560,г. Москва,2009,73.61,7126972.4,97.7,2.7,7406.0,86.0,60.0,94.3,75.9,68.87499999999999
951,Республика Карелия,2009,66.56,105924.1,96.8,10.0,5990.0,104.0,106.0,106.8,51.8,67.39625000000001
972,Республика Коми,2009,66.54,302629.2,101.5,11.8,6798.0,268.0,598.0,115.8,48.5,67.226
48,Архангельская область,2009,67.62,323606.8,99.6,7.2,6210.0,608.0,426.0,103.8,55.1,69.135
174,Вологодская область,2009,67.27,213396.9,92.9,7.9,5270.0,1578.0,412.0,97.2,35.6,68.93499999999999
300,Калининградская область,2009,67.67,169519.6,92.8,10.9,5209.0,6.0,30.0,79.8,34.7,67.21333333333334
510,Ленинградская область,2009,66.73,430395.5,92.0,7.2,4843.0,689.0,215.0,74.7,34.8,68.188
594,Мурманская область,2009,67.19,202235.5,99.1,7.6,7579.0,1622.0,281.0,133.3,57.2,67.568
636,Новгородская область,2009,64.47,117710.0,96.8,6.4,4924.0,90.0,38.0,98.9,41.3,68.76333333333332
783,Псковская область,2009,64.52,74647.8,100.3,11.0,4603.0,9.0,21.0,101.7,33.5,66.72
1581,г. Санкт-Петербург,2009,71.19,1475805.3,94.3,4.1,5232.0,47.0,51.0,91.8,83.2,66.76625
804,Республика Адыгея,2009,69.97,41511.5,102.6,7.9,4393.0,4.0,3.0,97.4,38.1,68.98
930,Республика Калмыкия,2009,68.61,23948.1,107.4,16.6,4311.0,0.2,2.0,100.3,49.2,67.09750000000001
426,Краснодарский край,2009,70.66,861603.3,101.5,7.2,5253.0,735.0,150.0,83.8,42.9,68.135
69,Астраханская область,2009,68.31,134418.2,102.1,10.0,4598.0,15.0,103.0,103.2,67.9,70.7775
153,Волгоградская область,2009,69.49,377514.3,99.4,10.4,4647.0,276.0,195.0,111.1,50.6,68.43666666666667
1140,Ростовская область,2009,69.54,555917.1,98.7,8.4,4744.0,859.0,175.0,90.4,38.1,67.70400000000001
888,Республика Дагестан,2009,73.98,257832.7,105.4,13.2,4066.0,3.0,20.0,65.0,37.6,66.834
909,Республика Ингушетия,2009,78.31,18953.3,109.8,52.9,4439.0,0.1,1.0,50.0,31.5,67.01400000000001
279,Кабардино-Балкарская Республика,2009,72.08,65660.1,104.9,14.4,3847.0,2.0,3.0,99.3,45.0,66.72
342,Карачаево-Черкесская Республика,2009,71.54,38584.1,99.1,12.2,4119.0,264.0,19.0,86.6,35.0,67.935
1056,Республика Северная Осетия - Алания,2009,71.93,64081.4,105.7,10.6,3895.0,203.0,4.0,100.4,70.9,67.62
1287,Ставропольский край,2009,70.28,277251.0,101.4,8.7,4820.0,71.0,64.0,80.2,46.3,70.2025
846,Республика Башкортостан,2009,69.01,647911.7,96.2,9.3,4274.0,685.0,398.0,89.9,42.8,67.498
993,Республика Марий Эл,2009,67.08,69271.5,97.1,11.6,4292.0,11.0,37.0,106.4,34.4,67.15
1014,Республика Мордовия,2009,69.06,90862.4,92.2,5.4,4228.0,463.0,33.0,105.7,50.7,67.945
1077,Республика Татарстан,2009,70.82,885064.0,92.8,8.5,4101.0,358.0,268.0,79.9,43.9,68.2
1413,Удмуртская Республика,2009,68.26,230938.3,96.0,8.7,4342.0,31.0,94.0,110.7,58.6,68.416
1497,Чувашская Республика,2009,68.98,139909.5,94.2,11.5,4215.0,17.0,36.0,91.7,47.3,67.95750000000001
384,Кировская область,2009,67.92,146321.3,98.2,10.9,4746.0,173.0,109.0,119.5,47.7,66.68
615,Нижегородская область,2009,67.06,547223.0,98.1,7.4,5040.0,220.0,161.0,103.5,47.4,67.17
699,Оренбургская область,2009,67.86,413395.5,101.6,8.8,4445.0,825.0,647.0,105.4,50.6,69.454
741,Пензенская область,2009,69.38,147185.1,99.9,7.9,4341.0,41.0,22.0,95.2,38.4,65.99666666666666
1182,Самарская область,2009,68.2,583999.9,91.6,6.1,5408.0,306.0,289.0,84.6,48.4,69.07666666666665
1203,Саратовская область,2009,69.1,326370.4,98.8,8.8,4488.0,463.0,121.0,95.2,51.8,67.07
1434,Ульяновская область,2009,68.75,154247.4,97.5,9.0,4414.0,175.0,31.0,94.3,36.3,67.512
468,Курганская область,2009,67.38,107914.5,94.1,13.3,4589.0,57.0,58.0,96.9,29.9,69.97749999999999
1245,Свердловская область,2009,68.39,825267.4,88.4,8.3,5201.0,7932.0,1138.0,104.7,43.3,67.956
1392,Тюменская область,2009,69.49,2870284.0,92.6,6.8,5297.0,27.0,3268.0,84.9,52.1,68.9725
1476,Челябинская область,2009,68.26,556985.3,91.7,8.0,4595.0,4119.0,798.0,95.0,41.1,67.72749999999999
825,Республика Алтай,2009,65.82,19911.6,100.4,13.9,6670.0,1.0,10.0,92.3,43.7,69.18285714285715
1098,Республика Тыва,2009,60.04,26921.9,106.8,21.5,5084.0,27.0,20.0,145.8,45.8,0.0
1119,Республика Хакасия,2009,67.25,81019.9,98.9,9.0,4890.0,191.0,96.0,91.1,38.6,67.798
6,Алтайский край,2009,68.52,265613.3,98.5,12.3,5113.0,681.0,197.0,113.4,48.2,68.47
447,Красноярский край,2009,67.63,749194.8,96.9,9.5,5889.0,8579.0,2446.0,103.1,52.4,68.41428571428571
258,Иркутская область,2009,65.45,458774.9,95.3,10.8,5163.0,2578.0,560.0,108.7,50.8,69.26
363,Кемеровская область,2009,65.37,512408.0,93.9,9.7,4260.0,4366.0,1408.0,92.3,48.2,69.19666666666666
657,Новосибирская область,2009,68.94,425400.2,95.7,10.0,5391.0,885.0,233.0,112.4,57.5,69.34800000000001
678,Омская область,2009,68.72,336259.6,98.8,8.5,4869.0,1633.0,214.0,108.0,57.7,69.164
1350,Томская область,2009,68.06,245808.3,99.0,8.7,5644.0,310.0,360.0,111.9,68.2,68.3375
867,Республика Бурятия,2009,65.27,121187.7,100.0,14.1,4968.0,670.0,96.0,98.0,40.7,68.22333333333333
1035,Республика Саха (Якутия),2009,66.45,328201.7,99.6,8.7,8627.0,357.0,194.0,120.8,55.1,68.96
762,Приморский край,2009,66.72,368996.7,100.7,9.8,6401.0,2398.0,226.0,90.8,53.0,68.504
1455,Хабаровский край,2009,66.33,276895.4,95.6,10.5,7993.0,706.0,114.0,97.5,59.8,68.3675
27,Амурская область,2009,64.41,151118.6,101.1,8.7,6402.0,301.0,116.0,114.9,60.5,67.816
552,Магаданская область,2009,64.06,47895.9,97.7,6.6,8638.0,47.0,24.0,150.4,56.0,66.94999999999999
1224,Сахалинская область,2009,64.83,392380.1,95.9,10.0,8362.0,422.0,116.0,145.5,48.8,67.73333333333332
216,Еврейская автономная область,2009,63.34,25320.0,97.7,8.5,6116.0,90.0,19.0,140.6,36.1,71.19
1518,Чукотский автономный округ,2009,58.22,45067.6,94.2,4.4,10818.0,39.0,25.0,168.4,74.1,67.19
91,Белгородская область,2010,71.31,398361.4,105.7,5.2,4777.0,764.0,132.0,81.4,40.4,71.41333333333333
112,Брянская область,2010,67.92,147024.0,103.2,8.0,4933.0,560.0,35.0,92.2,36.2,68.10333333333332
133,Владимирская область,2010,67.12,224759.2,103.6,6.1,5774.0,14.0,35.0,77.3,33.1,67.9475
196,Воронежская область,2010,69.45,346568.2,105.6,7.5,5594.0,51.0,77.0,91.1,52.6,68.315
238,Ивановская область,2010,67.09,109884.5,106.0,7.6,5440.0,26.0,37.0,104.0,51.9,68.61
322,Калужская область,2010,68.1,188601.3,107.8,6.7,5256.0,134.0,12.0,99.8,39.6,69.3575
406,Костромская область,2010,67.5,98130.7,100.9,6.0,5668.0,45.0,54.0,96.6,34.6,68.71600000000001
490,Курская область,2010,68.53,193648.6,104.8,8.2,5120.0,40.0,41.0,94.0,58.0,68.23400000000001
532,Липецкая область,2010,68.59,248544.9,104.7,4.5,5276.0,1134.0,368.0,99.9,40.4,67.33125000000001
574,Московская область,2010,69.13,1832867.3,101.8,3.3,6585.0,873.0,205.0,75.2,35.8,66.92857142857142
721,Орловская область,2010,68.4,106196.7,104.0,8.9,4813.0,6.0,23.0,102.1,39.9,67.275
1162,Рязанская область,2010,67.81,179127.9,106.7,8.4,5669.0,538.0,134.0,99.2,56.8,67.155
1267,Смоленская область,2010,66.59,154681.1,102.5,7.4,5817.0,112.0,48.0,110.3,59.7,68.06
1309,Тамбовская область,2010,69.22,143902.4,102.9,7.8,4199.0,10.0,46.0,100.3,34.0,68.02999999999999
1330,Тверская область,2010,65.9,219004.9,106.8,6.6,5633.0,30.0,60.0,108.4,53.1,0.0
1372,Тульская область,2010,67.11,237629.2,101.1,5.8,5374.0,597.0,167.0,106.2,33.1,70.234
1540,Ярославская область,2010,68.39,239644.0,103.6,7.5,5386.0,53.0,81.0,115.2,62.9,68.22666666666666
1561,г. Москва,2010,74.15,8375863.8,106.9,1.8,8656.0,74.0,63.0,93.4,77.7,69.23666666666666
952,Республика Карелия,2010,66.42,120511.3,101.6,9.3,6754.0,140.0,108.0,106.0,50.4,67.765
973,Республика Коми,2010,66.87,353853.0,104.0,10.1,7556.0,363.0,595.0,111.7,47.5,67.414
49,Архангельская область,2010,67.89,372804.8,101.6,6.9,7308.0,688.0,545.0,102.6,56.6,69.355
175,Вологодская область,2010,67.08,262432.7,105.6,7.8,6066.0,1773.0,474.0,89.5,34.6,69.25
301,Калининградская область,2010,68.75,195749.1,109.3,10.3,5729.0,13.0,29.0,78.0,34.5,67.20333333333333
511,Ленинградская область,2010,68.09,490303.7,104.1,5.2,5380.0,978.0,226.0,73.7,34.4,68.64600000000002
595,Мурманская область,2010,68.43,233438.9,101.6,8.6,8432.0,2225.0,288.0,124.7,57.4,67.602
637,Новгородская область,2010,65.04,127407.8,105.9,5.6,5569.0,89.0,46.0,98.6,41.3,69.09833333333333
784,Псковская область,2010,64.59,87066.0,107.5,9.5,5254.0,8.0,22.0,103.4,34.6,66.99333333333333
1582,г. Санкт-Петербург,2010,72.06,1699486.4,106.6,2.6,5773.0,109.0,57.0,89.3,84.8,66.89999999999999
805,Республика Адыгея,2010,69.95,47194.5,103.3,9.3,4914.0,5.0,4.0,96.0,37.9,68.54
931,Республика Калмыкия,2010,69.35,24404.1,98.4,14.8,4956.0,0.2,3.0,95.0,46.7,67.1725
427,Краснодарский край,2010,70.95,1028308.4,101.9,6.7,5737.0,697.0,139.0,81.7,41.9,68.72
70,Астраханская область,2010,69.08,144888.8,101.9,8.2,5209.0,15.0,125.0,101.8,68.2,71.1
154,Волгоградская область,2010,69.66,433473.7,104.5,8.0,5583.0,232.0,201.0,109.0,50.5,69.06333333333333
1141,Ростовская область,2010,69.72,659667.4,102.4,7.7,5442.0,869.0,176.0,87.2,38.6,67.51
889,Республика Дагестан,2010,73.87,274354.2,101.5,14.8,4629.0,2.0,18.0,67.8,39.2,67.424
910,Республика Ингушетия,2010,74.71,19929.1,107.8,49.7,4800.0,0.0,1.0,49.6,33.8,67.02000000000001
280,Кабардино-Балкарская Республика,2010,72.11,77086.4,99.6,12.7,4726.0,2.0,3.0,97.3,44.0,66.63
343,Карачаево-Черкесская Республика,2010,72.44,43651.5,99.7,10.3,4894.0,303.0,20.0,86.0,33.0,68.29
1057,Республика Северная Осетия - Алания,2010,72.65,75327.4,102.0,9.7,4776.0,215.0,6.0,100.1,70.8,67.89
1288,Ставропольский край,2010,71.01,330790.8,102.7,6.9,5539.0,68.0,66.0,77.8,39.5,70.41499999999999
847,Республика Башкортостан,2010,68.89,759203.3,101.8,8.9,5255.0,495.0,388.0,86.2,42.2,67.488
994,Республика Марий Эл,2010,67.34,82374.4,103.0,10.5,5098.0,10.0,33.0,111.5,33.5,67.565
1015,Республика Мордовия,2010,69.25,105343.8,101.4,5.4,5007.0,450.0,34.0,105.9,51.8,67.835
1078,Республика Татарстан,2010,70.42,1001622.8,107.1,6.2,4733.0,329.0,263.0,77.6,44.2,68.13
1414,Удмуртская Республика,2010,68.1,274578.1,100.7,9.3,5090.0,18.0,101.0,102.0,58.5,68.72200000000001
1498,Чувашская Республика,2010,68.54,157704.6,105.3,9.5,5007.0,14.0,31.0,89.4,47.6,68.52250000000001
385,Кировская область,2010,68.24,172352.0,102.7,8.6,5437.0,131.0,102.0,111.1,48.9,66.88
616,Нижегородская область,2010,67.01,652805.9,103.6,7.7,5688.0,256.0,156.0,102.9,47.6,67.255
700,Оренбургская область,2010,67.95,458145.4,105.5,7.2,5132.0,764.0,617.0,103.1,52.2,68.92599999999999
742,Пензенская область,2010,69.28,172166.7,103.3,6.4,5163.0,22.0,22.0,91.4,39.2,66.31333333333333
1183,Самарская область,2010,68.13,695651.2,104.3,5.8,6191.0,367.0,308.0,82.1,47.7,69.07
1204,Саратовская область,2010,68.89,376169.4,104.3,6.3,5059.0,501.0,95.0,91.3,52.0,67.20124999999999
1435,Ульяновская область,2010,68.54,178235.4,105.9,8.8,5164.0,172.0,39.0,91.6,36.2,67.936
469,Курганская область,2010,67.66,117879.5,102.8,12.1,5238.0,151.0,55.0,97.7,29.7,70.19500000000001
1246,Свердловская область,2010,68.81,1046600.1,105.9,8.4,5946.0,9492.0,1169.0,101.6,45.7,68.244
1393,Тюменская область,2010,69.46,3301573.3,102.1,6.9,5651.0,43.0,3132.0,83.5,53.9,68.83125
1477,Челябинская область,2010,68.41,652865.5,107.9,7.5,5234.0,4695.0,749.0,94.0,43.0,67.76
826,Республика Алтай,2010,65.68,22393.7,102.2,12.2,5612.0,2.0,6.0,92.5,43.5,68.92999999999999
1099,Республика Тыва,2010,60.45,30772.8,101.8,21.7,5622.0,32.0,23.0,143.9,45.6,0.0
1120,Республика Хакасия,2010,67.1,96039.8,105.4,9.1,5434.0,169.0,96.0,90.6,38.1,68.078
7,Алтайский край,2010,68.36,302900.7,104.2,8.8,5871.0,776.0,207.0,112.1,48.7,69.026
448,Красноярский край,2010,67.57,1055525.0,107.7,6.2,6557.0,9012.0,2491.0,102.1,53.7,68.54142857142857
259,Иркутская область,2010,65.26,546141.0,104.9,10.1,5667.0,2821.0,597.0,108.7,49.9,68.804
364,Кемеровская область,2010,65.42,625914.9,106.1,8.9,4811.0,4823.0,1411.0,92.7,47.7,69.55
658,Новосибирская область,2010,69.28,484141.3,103.8,7.7,6000.0,1009.0,228.0,109.1,58.3,69.76
679,Омская область,2010,68.78,382620.4,107.2,8.1,5028.0,1787.0,230.0,99.2,53.9,69.50800000000001
1351,Томская область,2010,68.83,284676.7,104.2,7.7,6139.0,406.0,345.0,113.5,69.1,68.69749999999999
868,Республика Бурятия,2010,66.05,133525.6,104.6,10.4,5643.0,669.0,95.0,97.0,41.3,68.06666666666666
1036,Республика Саха (Якутия),2010,66.75,386825.1,102.1,8.9,9207.0,403.0,161.0,114.9,57.1,68.33333333333331
763,Приморский край,2010,66.63,470679.2,109.3,9.5,6865.0,2587.0,233.0,91.7,52.7,68.46000000000001
1456,Хабаровский край,2010,65.68,353590.3,103.1,8.9,8676.0,646.0,117.0,97.3,61.1,68.61500000000001
28,Амурская область,2010,64.36,178689.6,103.8,6.9,7163.0,284.0,119.0,114.7,62.8,67.99000000000001
553,Магаданская область,2010,65.07,59619.7,104.9,5.6,9236.0,53.0,25.0,148.8,55.6,66.935
1225,Сахалинская область,2010,64.9,487659.5,100.0,8.9,9084.0,406.0,100.0,142.2,49.1,68.04166666666666
217,Еврейская автономная область,2010,63.67,31555.9,107.9,9.3,6752.0,147.0,23.0,141.1,35.4,72.06
1519,Чукотский автономный округ,2010,57.49,38978.1,104.7,4.5,10961.0,30.0,22.0,171.2,76.7,68.43
92,Белгородская область,2011,71.71,507839.8,102.4,4.3,4959.0,785.0,134.0,80.3,40.1,72.4
113,Брянская область,2011,68.83,174211.8,103.4,7.1,5128.0,477.0,37.0,91.4,36.1,68.96000000000001
134,Владимирская область,2011,68.08,261222.6,103.2,5.7,5983.0,14.0,35.0,83.9,34.8,69.19999999999999
197,Воронежская область,2011,70.41,474973.9,103.6,6.4,5662.0,52.0,72.0,94.0,54.0,69.07499999999999
239,Ивановская область,2011,68.56,128905.4,99.3,6.6,5738.0,24.0,37.0,101.4,54.5,69.9
323,Калужская область,2011,69.49,234749.0,104.1,5.6,5412.0,135.0,13.0,102.6,39.9,70.32499999999999
407,Костромская область,2011,68.45,116629.8,100.8,5.1,5962.0,34.0,50.0,99.5,35.7,69.86600000000001
491,Курская область,2011,69.27,228851.4,107.1,6.3,5180.0,46.0,42.0,91.1,57.1,68.86800000000001
533,Липецкая область,2011,69.87,287816.8,102.7,4.9,5356.0,1200.0,345.0,94.1,41.5,68.1975
575,Московская область,2011,70.36,2176795.3,104.4,3.7,6801.0,860.0,192.0,82.4,40.8,67.7642857142857
722,Орловская область,2011,69.48,131198.2,101.3,6.3,4966.0,7.0,23.0,101.9,40.4,68.0
1163,Рязанская область,2011,69.34,214142.6,99.9,7.2,5901.0,506.0,122.0,98.3,57.3,68.22
1268,Смоленская область,2011,68.12,180811.5,101.8,7.6,6574.0,91.0,48.0,109.2,60.0,69.10000000000001
1310,Тамбовская область,2011,70.18,173283.1,105.3,6.6,4593.0,11.0,48.0,92.8,33.9,69.08
1331,Тверская область,2011,67.02,255073.0,101.6,6.0,5837.0,23.0,67.0,106.7,54.6,0.0
1373,Тульская область,2011,68.63,279879.3,101.3,5.3,5493.0,667.0,193.0,95.4,33.8,71.05600000000001
1541,Ярославская область,2011,69.95,286967.5,102.8,5.1,5518.0,44.0,78.0,109.4,65.8,69.06666666666666
1562,г. Москва,2011,75.79,9948772.8,107.9,1.4,9128.0,67.0,61.0,92.7,77.9,69.91999999999999
953,Республика Карелия,2011,67.95,154953.7,101.9,8.4,7228.0,108.0,96.0,101.1,50.4,68.80625
974,Республика Коми,2011,67.95,435959.3,101.7,8.2,8226.0,336.0,712.0,111.5,47.8,68.72800000000001
50,Архангельская область,2011,68.75,439116.8,103.0,5.9,7722.0,656.0,373.0,101.9,56.6,70.025
176,Вологодская область,2011,68.36,323067.9,99.8,7.3,6346.0,1609.0,469.0,89.5,34.8,70.27999999999999
302,Калининградская область,2011,69.9,241004.8,100.1,9.1,5955.0,13.0,25.0,77.2,35.4,67.75999999999999
512,Ленинградская область,2011,69.44,581712.0,102.7,4.3,5775.0,943.0,216.0,70.2,34.2,69.82600000000001
596,Мурманская область,2011,68.93,263811.7,102.3,8.6,8737.0,1792.0,263.0,123.7,57.9,69.022
638,Новгородская область,2011,66.46,153419.7,103.4,4.9,5801.0,99.0,42.0,98.4,41.1,69.99
785,Псковская область,2011,66.47,100498.5,100.1,9.3,6113.0,11.0,28.0,103.4,35.5,67.79666666666665
1583,г. Санкт-Петербург,2011,73.06,2091914.3,100.2,2.0,6221.0,123.0,69.0,94.8,87.2,67.65125
806,Республика Адыгея,2011,70.99,56803.3,102.6,8.4,5100.0,4.0,4.0,90.5,38.4,69.66
932,Республика Калмыкия,2011,70.8,29318.7,97.5,14.2,5331.0,0.1,4.0,95.8,50.1,68.21875
428,Краснодарский край,2011,71.15,1244652.8,103.4,5.9,5976.0,649.0,161.0,83.3,41.9,69.45750000000001
71,Астраханская область,2011,69.84,172616.6,102.6,8.8,5378.0,13.0,132.0,106.6,70.3,71.92
155,Волгоградская область,2011,70.5,508433.3,100.3,6.9,5742.0,201.0,178.0,106.7,50.5,69.68333333333334
1142,Ростовская область,2011,70.28,765967.2,102.5,7.3,5824.0,882.0,154.0,90.8,39.8,67.81800000000001
890,Республика Дагестан,2011,74.26,330322.8,98.4,12.7,4871.0,1.0,17.0,69.4,39.5,68.70400000000001
911,Республика Ингушетия,2011,76.29,26858.9,106.9,48.1,4959.0,0.0,0.1,47.8,34.1,67.552
281,Кабардино-Балкарская Республика,2011,72.44,90594.5,101.1,10.5,4918.0,1.0,2.0,96.9,46.4,67.17
344,Карачаево-Черкесская Республика,2011,72.85,49252.1,99.8,9.8,5081.0,337.0,25.0,83.6,35.4,68.8075
1058,Республика Северная Осетия - Алания,2011,72.59,85876.7,103.7,8.3,4984.0,209.0,4.0,105.0,74.5,68.75
1289,Ставропольский край,2011,71.57,396791.6,103.5,6.0,5802.0,59.0,68.0,76.4,44.7,71.34
848,Республика Башкортостан,2011,69.04,941023.6,103.0,7.6,5407.0,520.0,406.0,84.8,43.1,67.99600000000001
995,Республика Марий Эл,2011,68.31,97323.3,100.8,10.1,5114.0,9.0,29.0,101.0,34.6,68.81
1016,Республика Мордовия,2011,70.11,119955.2,103.3,5.2,5352.0,476.0,34.0,106.5,51.8,68.57499999999999
1079,Республика Татарстан,2011,71.3,1305947.0,106.7,4.7,5001.0,322.0,278.0,76.7,44.2,69.02
1415,Удмуртская Республика,2011,68.88,335984.0,101.2,6.9,5277.0,20.0,104.0,97.9,58.2,69.47
1499,Чувашская Республика,2011,69.66,188785.7,105.2,7.8,5247.0,11.0,28.0,88.6,48.9,69.4675
386,Кировская область,2011,69.32,195269.5,99.7,8.3,5718.0,101.0,99.0,105.7,49.1,67.92666666666666
617,Нижегородская область,2011,68.48,770774.0,103.5,7.2,5950.0,215.0,142.0,105.5,50.2,68.3575
701,Оренбургская область,2011,68.31,553320.9,103.0,6.3,5345.0,683.0,658.0,101.8,52.2,70.006
743,Пензенская область,2011,70.23,213401.2,104.2,5.4,5338.0,23.0,37.0,93.3,40.4,67.49
1184,Самарская область,2011,69.02,834149.3,104.4,5.1,6420.0,455.0,292.0,89.7,49.4,69.91666666666666
1205,Саратовская область,2011,69.86,431028.0,102.9,6.0,5271.0,457.0,109.0,98.5,53.0,67.89000000000001
1436,Ульяновская область,2011,69.5,223672.7,102.4,6.8,5432.0,199.0,42.0,92.1,36.8,68.944
470,Курганская область,2011,68.36,136325.1,102.1,10.0,5570.0,115.0,47.0,100.1,30.2,71.305
1247,Свердловская область,2011,69.29,1291019.1,102.8,7.2,6513.0,9354.0,1091.0,100.1,45.4,69.106
1394,Тюменская область,2011,70.45,4112596.0,103.3,5.8,6325.0,41.0,3293.0,82.0,53.8,69.85
1478,Челябинская область,2011,68.79,774401.0,104.1,6.6,5552.0,3888.0,694.0,97.8,43.9,68.3025
827,Республика Алтай,2011,65.4,26380.8,101.4,12.8,5870.0,11.0,9.0,88.7,41.7,69.79857142857142
1100,Республика Тыва,2011,61.39,33398.9,100.0,17.3,5994.0,20.0,19.0,142.6,37.9,0.0
1121,Республика Хакасия,2011,67.75,113088.1,103.4,7.2,5895.0,144.0,90.0,85.5,50.4,68.758
8,Алтайский край,2011,68.97,332117.8,106.3,8.5,5943.0,712.0,204.0,108.1,57.2,70.042
449,Красноярский край,2011,68.27,1170827.3,102.6,6.0,7028.0,9067.0,2517.0,95.9,50.9,69.4542857142857
260,Иркутская область,2011,65.93,634561.4,101.3,9.1,6086.0,3003.0,621.0,111.9,48.4,69.792
365,Кемеровская область,2011,66.18,751198.4,105.1,8.1,5151.0,6321.0,1390.0,94.3,58.5,70.26333333333334
659,Новосибирская область,2011,69.68,598563.5,103.7,6.8,6482.0,907.0,234.0,103.5,58.8,70.804
680,Омская область,2011,69.5,451418.8,106.2,7.9,5258.0,1759.0,236.0,97.6,70.1,70.572
1352,Томская область,2011,69.53,333885.7,103.5,9.1,6541.0,352.0,379.0,114.5,58.1,69.45750000000001
869,Республика Бурятия,2011,66.09,153624.1,101.3,9.0,6229.0,646.0,90.0,93.6,46.0,68.95
1037,Республика Саха (Якутия),2011,67.67,486830.9,110.7,9.0,10028.0,417.0,157.0,114.1,53.8,68.91166666666666
764,Приморский край,2011,67.17,549722.8,104.2,8.0,7336.0,2551.0,225.0,107.2,63.5,69.49000000000001
1457,Хабаровский край,2011,66.0,399594.2,106.4,6.6,9039.0,580.0,113.0,102.6,65.6,69.2425
29,Амурская область,2011,64.82,225401.7,104.6,6.0,7950.0,322.0,134.0,126.9,55.7,69.024
554,Магаданская область,2011,65.99,72174.2,104.0,4.5,10249.0,45.0,25.0,138.8,50.9,68.35
1226,Сахалинская область,2011,65.68,600247.9,100.4,7.9,9864.0,398.0,92.0,144.1,36.6,69.14166666666667
218,Еврейская автономная область,2011,63.35,39467.0,105.5,8.5,7394.0,150.0,25.0,146.1,76.5,73.06
1520,Чукотский автономный округ,2011,61.58,44757.6,110.8,5.6,11428.0,29.0,22.0,147.7,48.1,68.93
93,Белгородская область,2012,71.91,545517.2,109.1,3.7,5256.0,850.0,134.0,80.9,40.7,72.75
114,Брянская область,2012,69.06,207397.5,113.0,5.1,5423.0,523.0,39.0,93.8,36.7,69.39
135,Владимирская область,2012,68.6,286018.6,107.1,4.4,6419.0,13.0,32.0,84.4,33.7,69.5325
198,Воронежская область,2012,70.84,563965.4,117.1,5.5,5756.0,49.0,79.0,93.2,54.3,69.695
240,Ивановская область,2012,69.3,136115.0,111.9,6.3,6206.0,21.0,29.0,104.0,52.7,70.08500000000001
324,Калужская область,2012,69.39,285256.6,111.6,4.3,5757.0,135.0,13.0,99.3,40.4,70.66
408,Костромская область,2012,69.5,130840.4,108.0,4.8,6547.0,29.0,52.0,98.3,35.7,70.388
492,Курская область,2012,69.66,248213.1,108.9,5.1,5456.0,41.0,41.0,90.0,56.8,69.45400000000001
534,Липецкая область,2012,70.03,293301.3,109.1,3.6,5724.0,1418.0,339.0,86.1,41.7,68.77250000000001
576,Московская область,2012,70.4,2357081.9,108.3,2.9,7223.0,944.0,189.0,80.7,38.9,68.41428571428571
723,Орловская область,2012,69.51,146103.2,110.9,5.3,5236.0,5.0,11.0,101.6,41.0,68.42500000000001
1164,Рязанская область,2012,69.86,253881.6,108.7,4.6,6340.0,464.0,124.0,96.8,52.3,68.91999999999999
1269,Смоленская область,2012,68.49,201817.0,105.8,5.7,7199.0,89.0,46.0,108.7,54.9,69.935
1311,Тамбовская область,2012,70.67,203331.5,112.5,4.9,4870.0,12.0,52.0,92.4,34.2,69.31333333333333
1332,Тверская область,2012,67.86,268063.9,108.4,5.0,6301.0,24.0,63.0,105.6,53.7,0.0
1374,Тульская область,2012,68.86,311240.3,110.6,4.6,6137.0,622.0,198.0,90.0,33.7,71.21600000000001
1542,Ярославская область,2012,69.87,327279.6,107.0,3.4,6080.0,46.0,77.0,107.5,58.3,69.58
1563,г. Москва,2012,75.74,10666870.5,106.4,0.8,9747.0,47.0,72.0,89.3,68.9,70.28333333333333
954,Республика Карелия,2012,68.0,160841.5,106.9,7.0,7774.0,93.0,107.0,107.4,51.7,69.25125
975,Республика Коми,2012,68.33,479051.3,112.5,6.4,8293.0,413.0,688.0,109.5,48.4,69.148
51,Архангельская область,2012,69.65,472470.9,110.9,5.4,8159.0,648.0,271.0,107.6,54.8,70.3
177,Вологодская область,2012,69.21,355291.3,106.9,5.8,6847.0,1562.0,473.0,89.5,35.3,70.63166666666666
303,Калининградская область,2012,70.12,265361.2,103.2,7.4,6273.0,10.0,25.0,90.6,41.5,68.28
513,Ленинградская область,2012,69.77,672066.9,107.4,3.2,6155.0,931.0,229.0,69.6,34.4,70.30799999999999
597,Мурманская область,2012,69.81,283846.2,107.4,7.7,9315.0,1605.0,259.0,117.9,56.6,69.25
639,Новгородская область,2012,67.55,170605.7,109.1,4.1,6183.0,111.0,45.0,98.6,41.7,70.24
786,Псковская область,2012,66.53,107547.5,110.2,6.6,6406.0,16.0,28.0,98.9,35.6,68.27
1584,г. Санкт-Петербург,2012,73.43,2280426.0,106.3,1.1,6613.0,114.0,69.0,92.0,80.6,68.13125000000001
807,Республика Адыгея,2012,71.68,65300.4,111.2,8.1,5525.0,5.0,6.0,86.9,38.8,70.31
933,Республика Калмыкия,2012,71.22,35897.8,112.8,13.1,5722.0,0.2,4.0,92.3,51.9,68.65375
429,Краснодарский край,2012,71.74,1459490.8,110.5,5.6,6332.0,1411.0,216.0,82.9,40.9,69.995
72,Астраханская область,2012,70.36,209654.4,109.5,7.9,5822.0,13.0,134.0,103.0,65.7,72.09
156,Волгоградская область,2012,70.99,571516.1,109.7,6.0,6474.0,211.0,171.0,104.1,47.2,70.04999999999998
1143,Ростовская область,2012,71.02,843560.3,107.4,6.0,6233.0,1101.0,200.0,89.8,40.3,68.498
891,Республика Дагестан,2012,74.9,374710.3,115.0,11.7,5279.0,2.0,18.0,70.4,39.2,68.964
912,Республика Ингушетия,2012,77.8,37413.9,122.4,47.7,5081.0,0.0,0.2,47.0,36.5,68.098
282,Кабардино-Балкарская Республика,2012,73.27,106711.2,117.8,8.9,5138.0,1.0,3.0,97.5,44.2,67.79
345,Карачаево-Черкесская Республика,2012,73.38,58712.1,119.8,8.9,5435.0,303.0,22.0,80.6,37.9,69.355
1059,Республика Северная Осетия - Алания,2012,73.41,97448.8,113.1,7.9,5468.0,210.0,4.0,106.7,71.0,69.65
1290,Ставропольский край,2012,72.15,431753.4,114.0,5.4,6259.0,61.0,69.0,77.2,44.8,71.655
849,Республика Башкортостан,2012,69.32,1149384.6,105.2,6.1,5755.0,483.0,403.0,85.1,41.6,68.57000000000001
996,Республика Марий Эл,2012,69.04,117201.1,109.2,6.5,5427.0,10.0,34.0,99.8,34.7,69.555
1017,Республика Мордовия,2012,70.72,134315.6,109.0,4.9,5610.0,585.0,50.0,104.1,52.6,69.075
1080,Республика Татарстан,2012,71.8,1437001.0,111.1,4.1,5622.0,310.0,288.0,74.8,41.9,69.65
1416,Удмуртская Республика,2012,69.73,372782.7,108.9,6.0,5753.0,11.0,172.0,99.6,54.9,69.828
1500,Чувашская Республика,2012,70.31,217821.1,110.8,5.9,5510.0,10.0,33.0,87.6,48.7,70.03
387,Кировская область,2012,69.79,208505.4,110.2,7.1,6169.0,121.0,101.0,109.5,46.6,68.08
618,Нижегородская область,2012,68.98,842195.5,107.4,5.4,6579.0,105.0,146.0,104.1,46.4,68.6525
702,Оренбургская область,2012,68.64,628563.6,108.2,5.4,5783.0,619.0,757.0,103.4,51.7,70.574
744,Пензенская область,2012,70.87,239962.5,112.0,4.9,5589.0,26.0,22.0,93.5,39.3,67.87166666666666
1185,Самарская область,2012,69.65,937434.5,107.5,3.4,6903.0,449.0,276.0,87.0,47.3,70.29666666666665
1206,Саратовская область,2012,70.27,478275.8,111.3,5.4,5722.0,422.0,128.0,98.9,52.8,68.26625
1437,Ульяновская область,2012,70.62,240556.1,108.4,5.6,5786.0,71.0,34.0,91.0,37.1,69.448
471,Курганская область,2012,68.35,146045.5,109.5,8.7,6041.0,90.0,41.0,100.7,30.3,71.93
1248,Свердловская область,2012,69.5,1484879.0,107.6,5.8,7005.0,9603.0,1129.0,99.7,42.7,69.572
1395,Тюменская область,2012,70.8,4625467.5,107.7,5.2,6623.0,53.0,3520.0,79.7,51.0,70.46375
1479,Челябинская область,2012,68.97,841972.2999999999,106.7,6.4,6149.0,3873.0,678.0,93.1,41.8,69.005
828,Республика Алтай,2012,66.8,30444.6,110.8,11.6,6505.0,15.0,9.0,84.4,42.9,70.3
1101,Республика Тыва,2012,61.09,37369.1,109.9,18.4,6462.0,22.0,20.0,136.1,47.0,0.0
1122,Республика Хакасия,2012,67.64,130638.5,107.6,7.9,6405.0,188.0,94.0,84.3,38.6,69.286
9,Алтайский край,2012,69.11,368995.2,110.5,6.2,6257.0,822.0,216.0,105.0,46.0,70.364
450,Красноярский край,2012,68.42,1183228.0,106.1,5.5,7715.0,6770.0,2583.0,93.8,49.6,69.97
261,Иркутская область,2012,66.32,737971.6,108.4,7.8,6557.0,3251.0,720.0,109.5,51.3,70.67
366,Кемеровская область,2012,66.76,718320.4,108.1,7.1,5698.0,5334.0,1360.0,98.2,48.8,70.72
660,Новосибирская область,2012,69.72,728154.0,109.4,5.6,6989.0,1062.0,225.0,102.6,55.9,71.274
681,Омская область,2012,69.25,491507.6,109.7,6.9,5773.0,1913.0,240.0,95.4,54.9,71.108
1353,Томская область,2012,70.07,371472.9,105.3,8.4,7077.0,325.0,323.0,112.6,61.9,69.6175
870,Республика Бурятия,2012,66.79,164737.8,110.0,7.9,6766.0,698.0,100.0,94.8,42.8,69.19666666666666
1038,Республика Саха (Якутия),2012,67.93,541306.8,111.9,8.0,10682.0,433.0,161.0,112.9,55.9,69.6
765,Приморский край,2012,67.79,557489.3,106.4,6.9,7839.0,2129.0,209.0,107.4,55.1,69.84800000000001
1458,Хабаровский край,2012,67.13,437994.3,113.1,6.4,9482.0,640.0,115.0,102.1,59.8,69.52499999999999
30,Амурская область,2012,65.12,229407.1,104.7,5.3,8369.0,321.0,127.0,112.0,60.4,69.408
555,Магаданская область,2012,66.15,78417.9,110.4,3.4,11001.0,45.0,29.0,134.4,56.6,68.7
1227,Сахалинская область,2012,66.63,641886.4,108.9,7.7,10034.0,275.0,87.0,135.5,51.2,69.65166666666666
219,Еврейская автономная область,2012,64.14,42743.6,102.8,8.5,8252.0,154.0,25.0,126.7,36.3,73.43
1521,Чукотский автономный округ,2012,60.79,45633.9,108.1,4.3,12157.0,29.0,21.0,141.8,73.1,69.81
94,Белгородская область,2013,72.16,569006.4,103.6,4.0,6106.0,848.0,118.0,80.3,40.7,73.38666666666666
115,Брянская область,2013,69.75,219502.8,106.6,5.2,6543.0,587.0,37.0,89.7,36.7,69.98333333333332
136,Владимирская область,2013,69.13,306641.4,106.3,3.8,6989.0,14.0,32.0,85.3,33.9,70.225
199,Воронежская область,2013,70.89,611720.4,104.2,4.7,6043.0,53.0,76.0,91.9,54.2,70.03
241,Ивановская область,2013,69.84,158228.7,104.0,5.2,7036.0,25.0,30.0,100.4,47.3,70.57
325,Калужская область,2013,70.02,292841.0,100.9,4.5,6682.0,148.0,15.0,96.8,40.7,71.29249999999999
409,Костромская область,2013,69.86,139015.9,105.5,4.9,6916.0,25.0,50.0,95.2,35.5,71.072
493,Курская область,2013,70.14,271542.5,107.6,4.6,5925.0,41.0,38.0,87.8,51.2,69.748
535,Липецкая область,2013,70.66,315685.4,102.3,3.7,6215.0,1353.0,347.0,79.4,43.0,69.56875000000001
577,Московская область,2013,70.78,2545951.5,103.4,2.8,8072.0,1024.0,199.0,79.0,39.0,68.84
724,Орловская область,2013,70.22,164797.0,106.6,5.8,6443.0,5.0,24.0,100.9,41.7,68.97
1165,Рязанская область,2013,70.74,279286.5,106.0,4.7,6677.0,493.0,103.0,88.9,51.6,69.545
1270,Смоленская область,2013,68.9,225887.1,107.0,5.2,7663.0,102.0,59.0,107.9,54.8,70.1725
1312,Тамбовская область,2013,70.93,236335.9,105.0,4.6,5230.0,12.0,54.0,87.3,34.5,69.63666666666667
1333,Тверская область,2013,68.13,298669.2,103.5,5.3,7121.0,19.0,60.0,100.5,47.5,0.0
1375,Тульская область,2013,69.41,348034.8,106.9,4.2,6740.0,568.0,181.0,87.0,33.6,71.876
1543,Ярославская область,2013,70.45,362861.8,104.7,4.5,6500.0,51.0,82.0,105.8,58.0,70.05
1564,г. Москва,2013,76.37,11814897.4,106.5,1.7,10965.0,52.0,66.0,85.5,68.6,70.62666666666667
955,Республика Карелия,2013,69.19,178636.2,103.9,8.2,8531.0,71.0,119.0,100.4,51.9,69.80375
976,Республика Коми,2013,69.27,482329.9,103.8,7.1,9496.0,383.0,774.0,104.9,48.7,69.92800000000001
52,Архангельская область,2013,70.16,500095.1,107.0,6.1,10243.0,570.0,245.0,106.0,54.5,70.815
178,Вологодская область,2013,69.35,346227.6,104.4,6.1,7474.0,1247.0,499.0,86.8,34.7,70.96166666666666
304,Калининградская область,2013,70.51,275885.8,109.0,5.6,7026.0,9.0,21.0,89.9,44.0,68.94
514,Ленинградская область,2013,70.36,678718.3,105.1,4.3,6524.0,740.0,245.0,69.2,34.3,70.788
598,Мурманская область,2013,70.46,306578.7,104.6,7.2,10113.0,1634.0,270.0,118.3,57.0,69.958
640,Новгородская область,2013,67.67,178818.1,103.2,4.6,7166.0,112.0,45.0,91.1,42.5,70.76333333333332
787,Псковская область,2013,67.82,114676.2,100.6,7.0,7337.0,39.0,27.0,90.5,35.5,68.95
1585,г. Санкт-Петербург,2013,74.22,2491423.3,104.8,1.5,7072.0,105.0,72.0,91.5,81.2,68.81125
808,Республика Адыгея,2013,71.8,70862.3,107.8,7.9,6282.0,8.0,9.0,75.0,38.7,70.79
934,Республика Калмыкия,2013,71.35,41165.9,107.1,12.5,6823.0,0.3,7.0,93.3,53.5,69.38875
430,Краснодарский край,2013,72.29,1662969.1,105.1,6.1,7155.0,1330.0,205.0,81.6,41.2,70.695
73,Астраханская область,2013,71.34,273917.1,109.6,7.5,6271.0,11.0,130.0,98.7,65.8,72.535
157,Волгоградская область,2013,71.42,607472.2,106.6,6.6,6676.0,228.0,173.0,96.2,48.2,70.61999999999999
1144,Ростовская область,2013,71.39,917689.1,106.5,6.0,6988.0,1101.0,193.0,89.2,38.6,69.016
892,Республика Дагестан,2013,75.63,452882.2,116.4,11.6,6791.0,3.0,16.0,70.5,39.4,69.44
913,Республика Ингушетия,2013,78.84,45766.7,106.2,43.7,6803.0,0.0,0.6,46.1,37.7,68.688
283,Кабардино-Балкарская Республика,2013,73.71,110971.5,105.5,10.5,6573.0,2.0,2.0,94.4,44.6,68.19
346,Карачаево-Черкесская Республика,2013,73.94,66106.6,107.4,9.8,6625.0,307.0,21.0,78.6,37.8,70.06
1060,Республика Северная Осетия - Алания,2013,73.94,118637.5,110.3,8.1,6496.0,126.0,5.0,93.3,71.7,70.16
1291,Ставропольский край,2013,72.45,480905.3,105.2,5.6,6543.0,66.0,75.0,77.6,42.3,71.825
850,Республика Башкортостан,2013,69.63,1163219.0,103.4,5.8,6446.0,928.0,449.0,81.4,41.9,69.244
997,Республика Марий Эл,2013,69.3,125950.2,107.7,5.2,6198.0,7.0,27.0,98.6,35.0,69.7
1018,Республика Мордовия,2013,70.56,148705.7,112.3,4.4,6260.0,707.0,36.0,101.4,53.5,69.49000000000001
1081,Республика Татарстан,2013,72.12,1551472.1,104.9,4.0,6278.0,521.0,298.0,71.6,41.4,69.4
1417,Удмуртская Республика,2013,69.92,405126.4,107.6,5.7,6375.0,41.0,172.0,98.9,53.9,70.09200000000001
1501,Чувашская Республика,2013,70.79,223147.9,105.6,5.7,6049.0,9.0,29.0,88.3,49.1,70.5125
388,Кировская область,2013,70.26,224152.3,105.9,5.6,6905.0,148.0,103.0,102.4,46.5,68.96333333333332
619,Нижегородская область,2013,69.42,925182.0,105.2,4.3,6488.0,110.0,126.0,102.7,49.4,69.3975
703,Оренбургская область,2013,68.9,717014.7999999999,105.3,4.9,6131.0,532.0,513.0,92.5,48.6,71.41
745,Пензенская область,2013,71.54,270436.8,101.5,4.8,6057.0,31.0,28.0,86.3,39.3,68.52166666666666
1186,Самарская область,2013,69.4,1048545.8,106.3,3.2,7482.0,434.0,261.0,87.8,47.7,70.70333333333333
1207,Саратовская область,2013,70.67,526178.9,103.3,5.2,6126.0,483.0,99.0,97.6,53.5,69.04124999999999
1438,Ульяновская область,2013,70.5,265288.7,105.1,5.5,6472.0,79.0,38.0,92.2,38.8,69.654
472,Курганская область,2013,68.27,167037.9,105.9,7.5,6509.0,62.0,55.0,98.7,30.2,72.1675
1249,Свердловская область,2013,69.81,1568655.2,102.1,5.9,7238.0,8975.0,1097.0,98.0,44.5,70.012
1396,Тюменская область,2013,71.35,4950207.4,101.8,4.7,7716.0,65.0,2751.0,78.7,51.7,70.91250000000001
1480,Челябинская область,2013,69.52,882339.6,107.9,6.0,6936.0,3794.0,667.0,87.9,41.8,69.6325
829,Республика Алтай,2013,67.34,33313.5,106.4,11.5,6924.0,2.0,9.0,79.5,45.9,70.93142857142857
1102,Республика Тыва,2013,61.79,41298.7,105.2,19.3,8137.0,15.0,19.0,135.7,47.8,0.0
1123,Республика Хакасия,2013,68.57,141850.5,104.9,6.0,7101.0,184.0,90.0,82.1,39.8,69.73
10,Алтайский край,2013,69.77,416110.3,104.9,8.3,6561.0,558.0,201.0,103.6,45.7,71.062
451,Красноярский край,2013,69.06,1256934.1,104.0,5.7,8249.0,6443.0,2497.0,92.7,50.6,70.17571428571428
262,Иркутская область,2013,66.72,805197.5,105.3,8.3,7768.0,3544.0,686.0,111.8,48.1,71.196
367,Кемеровская область,2013,67.72,667950.5,100.5,6.0,6682.0,4512.0,1356.0,94.1,47.3,71.42999999999999
661,Новосибирская область,2013,70.19,817516.7,103.8,5.9,7764.0,959.0,196.0,100.5,55.5,71.762
682,Омская область,2013,69.74,551734.0,105.7,6.8,6302.0,1662.0,214.0,93.1,55.1,71.656
1354,Томская область,2013,70.33,402562.1,103.8,7.6,7765.0,285.0,306.0,112.1,61.1,70.1725
871,Республика Бурятия,2013,67.67,176888.9,104.9,8.0,7301.0,766.0,114.0,99.7,44.8,69.82999999999998
1039,Республика Саха (Якутия),2013,69.13,570284.7000000001,110.0,7.4,11923.0,450.0,165.0,113.0,56.3,70.275
766,Приморский край,2013,68.19,577473.9,102.8,7.1,9649.0,1867.0,181.0,105.6,52.0,70.608
1459,Хабаровский край,2013,67.92,498067.2,103.3,5.7,10182.0,487.0,114.0,99.6,57.9,70.025
31,Амурская область,2013,66.38,210700.9,105.8,6.1,9251.0,320.0,125.0,117.1,60.6,69.894
556,Магаданская область,2013,67.12,88905.9,105.1,2.9,14084.0,45.0,29.0,136.0,59.5,69.68
1228,Сахалинская область,2013,67.7,671743.6,103.9,7.2,11083.0,107.0,77.0,129.3,52.3,70.41166666666666
220,Еврейская автономная область,2013,64.94,38428.7,101.2,8.3,9532.0,104.0,24.0,126.0,37.7,74.22
1522,Чукотский автономный округ,2013,62.11,44466.9,106.5,3.3,14766.0,30.0,21.0,148.9,73.8,70.46
95,Белгородская область,2014,72.25,619677.7,100.086945586177,4.0,6842.0,702.0,127.0,80.4,40.7,73.40333333333334
116,Брянская область,2014,69.42,242722.4,100.88676917906164,5.0,7565.0,481.0,36.0,83.7,37.1,70.08333333333333
137,Владимирская область,2014,69.25,328064.2,98.38940924739056,4.3,7954.0,14.0,31.0,84.8,33.8,70.29249999999999
200,Воронежская область,2014,70.82,717667.2,100.98275265410534,4.5,7026.0,84.0,68.0,91.9,54.1,70.07
242,Ивановская область,2014,69.88,151876.8,99.60675743619444,4.3,8170.0,53.0,33.0,96.1,48.2,70.61
326,Калужская область,2014,69.93,326459.5,100.3854987233703,4.2,7704.0,135.0,19.0,91.2,40.7,71.4375
410,Костромская область,2014,70.05,146731.5,101.04475052013812,4.3,7668.0,26.0,49.0,95.8,35.2,71.358
494,Курская область,2014,70.11,298287.3,100.52031392869594,3.9,6754.0,37.0,36.0,86.8,51.8,69.86200000000001
536,Липецкая область,2014,70.6,398464.5,100.1237031750346,3.7,7062.0,1492.0,330.0,83.5,42.7,69.5275
578,Московская область,2014,70.94,2742886.1,99.3,2.7,9150.0,990.0,197.0,76.8,38.1,69.00999999999999
725,Орловская область,2014,69.88,178822.5,99.77353152052716,5.1,7334.0,5.0,15.0,98.7,43.0,69.08
1166,Рязанская область,2014,70.8,295611.7,101.42172074221769,4.4,7172.0,638.0,108.0,80.8,52.1,69.755
1271,Смоленская область,2014,69.44,234710.1,99.80741009115856,5.1,8695.0,107.0,53.0,99.5,54.5,70.28999999999999
1313,Тамбовская область,2014,71.11,285656.5,99.9,4.3,6850.0,15.0,45.0,82.4,34.6,69.83333333333333
1334,Тверская область,2014,68.43,316613.2,97.46708505173216,5.3,8282.0,28.0,69.0,97.8,47.7,0.0
1376,Тульская область,2014,69.63,411122.3,103.63908458884848,4.1,7579.0,525.0,181.0,87.3,34.6,72.09400000000001
1544,Ярославская область,2014,70.64,391462.8,101.27146616436062,3.8,7300.0,49.0,88.0,100.8,57.7,70.19
1565,г. Москва,2014,76.7,12779525.7,102.20930178287418,1.5,12542.0,58.0,68.0,78.6,66.1,70.755
956,Республика Карелия,2014,69.36,191192.1,99.38760942649058,8.1,9682.0,80.0,95.0,87.1,50.7,70.0675
977,Республика Коми,2014,69.05,484166.5,98.9,6.0,10817.0,379.0,707.0,102.7,48.7,70.136
53,Архангельская область,2014,70.23,542695.3,100.9492412787044,7.2,11323.0,452.0,262.0,103.8,55.8,70.8625
179,Вологодская область,2014,69.74,387211.7,98.25122985294696,5.6,8578.0,1111.0,491.0,81.1,35.2,71.19500000000001
305,Калининградская область,2014,70.28,314088.3,97.37961220169647,5.4,8021.0,11.0,19.0,90.4,42.7,69.17
515,Ленинградская область,2014,70.28,703325.6,100.4646012310448,4.5,6984.0,825.0,272.0,66.6,33.4,70.998
599,Мурманская область,2014,69.97,328291.8,100.3,6.7,11627.0,1804.0,276.0,107.0,55.6,69.94600000000001
641,Новгородская область,2014,68.41,209304.4,99.7,3.7,7915.0,127.0,43.0,82.2,42.5,70.925
788,Псковская область,2014,68.07,123825.6,98.16116801957004,6.5,8518.0,27.0,29.0,90.0,33.6,69.18666666666665
1586,г. Санкт-Петербург,2014,74.57,2661210.0,101.9,1.4,8479.0,109.0,71.0,87.0,81.5,69.02625
809,Республика Адыгея,2014,72.01,75622.5,100.79632222637588,8.6,7164.0,6.0,10.0,73.0,38.6,70.62
935,Республика Калмыкия,2014,72.03,46680.6,103.96642696638298,10.9,7750.0,0.4,5.0,87.3,54.1,69.5025
431,Краснодарский край,2014,72.28,1784833.5,98.1,5.7,8027.0,1204.0,189.0,75.6,40.3,70.57
74,Астраханская область,2014,70.76,296319.3,100.682649338064,7.5,7120.0,6.0,118.0,95.9,64.4,72.7125
158,Волгоградская область,2014,71.62,715409.6,101.0689220626674,6.6,7901.0,163.0,154.0,88.5,48.2,70.57
1145,Ростовская область,2014,71.3,1007758.8,100.6,5.9,7967.0,1232.0,194.0,80.6,38.4,69.238
893,Республика Дагестан,2014,75.83,528131.3,102.457781638669,10.2,7453.0,1.0,13.0,69.2,39.9,69.676
914,Республика Ингушетия,2014,79.42,51908.2,99.17035000690056,29.8,7396.0,0.0,0.4,49.2,39.8,68.93400000000001
284,Кабардино-Балкарская Республика,2014,74.16,116886.0,102.21303620929623,9.5,7357.0,1.0,2.0,87.5,45.9,68.74
347,Карачаево-Черкесская Республика,2014,73.91,65326.6,103.10732238899531,13.0,7339.0,151.0,16.0,73.5,37.6,70.015
1061,Республика Северная Осетия - Алания,2014,73.82,125960.5,101.9,8.6,7284.0,147.0,3.0,87.9,70.3,70.23
1292,Ставропольский край,2014,72.75,540796.8,102.4,5.3,7154.0,65.0,79.0,80.9,43.3,72.0175
851,Республика Башкортостан,2014,69.76,1260010.4,103.95478567554306,5.3,7234.0,936.0,459.0,80.7,42.7,69.52600000000001
998,Республика Марий Эл,2014,69.42,143396.1,103.12467825483203,4.8,7201.0,9.0,25.0,95.7,35.0,69.905
1019,Республика Мордовия,2014,71.38,173872.7,104.2,4.2,6997.0,737.0,35.0,93.0,54.0,69.63
1082,Республика Татарстан,2014,72.17,1661413.8,101.3,3.9,6988.0,427.0,294.0,65.9,42.1,69.63
1418,Удмуртская Республика,2014,70.03,450548.9,104.2231620418256,5.1,7324.0,89.0,176.0,99.9,53.7,70.26
1502,Чувашская Республика,2014,70.62,237447.2,99.95481662676814,5.0,6988.0,13.0,36.0,85.4,48.6,70.4575
389,Кировская область,2014,70.59,254089.4,100.9,5.1,7641.0,243.0,115.0,95.3,46.2,69.14666666666666
620,Нижегородская область,2014,69.53,1009460.1,99.8,4.2,7454.0,95.0,126.0,98.2,49.2,69.835
704,Оренбургская область,2014,68.73,731277.7,101.30301122283612,4.4,6971.0,548.0,411.0,89.5,49.7,71.95200000000001
746,Пензенская область,2014,71.63,295238.7,100.9,4.6,6839.0,218.0,33.0,83.8,40.3,68.76666666666667
1187,Самарская область,2014,69.63,1149147.8,102.36260517338486,3.0,7954.0,502.0,266.0,82.8,46.3,70.83666666666667
1208,Саратовская область,2014,70.95,566646.1,99.10003374947723,4.6,6932.0,405.0,120.0,95.3,53.2,69.37625
1439,Ульяновская область,2014,70.37,278808.2,102.6,4.8,7298.0,86.0,34.0,90.2,40.0,70.02
473,Курганская область,2014,68.75,170310.3,101.11551252373796,7.0,7605.0,78.0,43.0,96.3,30.2,72.39
1250,Свердловская область,2014,69.76,1659783.9,99.01205760860728,6.1,8025.0,8301.0,1021.0,93.6,43.8,70.108
1397,Тюменская область,2014,71.5,5295348.5,100.29096913279044,4.7,8470.0,78.0,2181.0,76.5,51.3,71.27625
1481,Челябинская область,2014,69.71,993900.6,100.7,6.2,7944.0,3442.0,653.0,79.6,42.5,69.955
830,Республика Алтай,2014,67.76,39191.9,101.4636957526627,10.4,8175.0,2.0,8.0,79.7,46.8,71.16571428571427
1103,Республика Тыва,2014,61.79,45947.9,103.84168048312432,19.1,8624.0,19.0,19.0,131.3,46.9,0.0
1124,Республика Хакасия,2014,68.83,158372.8,104.21593199994462,6.2,8006.0,189.0,84.0,78.4,40.0,69.86200000000001
11,Алтайский край,2014,70.01,446023.8,99.9286539405896,7.2,7580.0,548.0,203.0,100.8,44.9,71.168
452,Красноярский край,2014,69.23,1410719.9,101.9522331325947,5.0,9186.0,6375.0,2356.0,89.5,50.1,70.39714285714285
263,Иркутская область,2014,66.87,916317.5,101.31856394613354,8.8,8629.0,3314.0,637.0,111.1,49.0,71.60600000000001
368,Кемеровская область,2014,67.8,752024.0,98.07805283313871,6.2,7569.0,4636.0,1332.0,88.0,45.9,71.54333333333332
662,Новосибирская область,2014,70.28,911219.0,99.81695944938774,5.1,8945.0,1047.0,208.0,99.1,55.8,71.89800000000001
683,Омская область,2014,70.13,602605.1,98.1034456940056,6.7,7253.0,1754.0,204.0,89.0,54.6,71.988
1355,Томская область,2014,70.67,430266.8,99.9,7.6,8691.0,310.0,290.0,105.2,61.2,70.2525
872,Республика Бурятия,2014,68.54,186492.9,98.58667389652194,8.4,8263.0,736.0,106.0,94.2,44.3,70.02333333333334
1040,Республика Саха (Якутия),2014,69.81,658140.4,102.3,7.4,13332.0,430.0,307.0,111.7,56.9,70.595
767,Приморский край,2014,68.74,642423.0,100.83479870932206,6.9,10683.0,1856.0,190.0,102.6,52.3,70.632
1460,Хабаровский край,2014,68.01,539338.4,100.6,5.9,11495.0,428.0,103.0,89.5,56.4,70.04249999999999
32,Амурская область,2014,67.0,232053.0,98.48988260195696,5.6,9539.0,330.0,132.0,109.3,58.8,70.21000000000001
557,Магаданская область,2014,67.19,96936.8,103.09609523804689,3.1,15415.0,45.0,30.0,121.3,60.2,69.85
1229,Сахалинская область,2014,67.89,799165.4,104.8,6.5,12213.0,48.0,65.0,123.8,49.2,70.47833333333332
221,Еврейская автономная область,2014,65.2,41948.1,99.58958832616118,8.7,10870.0,33.0,18.0,126.4,38.7,74.57
1523,Чукотский автономный округ,2014,62.32,57751.3,106.7,3.2,13571.0,27.0,18.0,152.0,65.5,69.97
96,Белгородская область,2015,72.61,693379.4,93.22115732697593,4.1,7918.0,639.0,118.0,77.1,41.3,73.83
117,Брянская область,2015,70.36,271782.5,88.96653921225351,4.6,8723.0,435.0,37.0,76.8,38.0,70.57
138,Владимирская область,2015,69.82,368489.2,91.02875102641195,5.6,8908.0,6.0,30.0,86.0,33.8,70.6725
201,Воронежская область,2015,71.67,805969.6,89.09724106029937,4.5,7884.0,89.0,69.0,85.7,51.7,70.63
243,Ивановская область,2015,70.62,180517.5,87.9,5.6,9041.0,17.0,33.0,88.9,43.8,71.745
327,Калужская область,2015,70.73,339760.8,90.31731480856048,4.3,8958.0,148.0,26.0,83.8,38.5,72.03
411,Костромская область,2015,70.38,160579.8,90.1,5.3,8742.0,18.0,46.0,95.3,36.0,71.55600000000001
495,Курская область,2015,70.8,336999.4,89.8,4.2,7916.0,37.0,31.0,85.4,49.0,70.532
537,Липецкая область,2015,71.07,448994.3,92.07195947984098,4.1,8008.0,1496.0,328.0,83.1,42.5,69.85
579,Московская область,2015,72.26,3180924.6,91.13456736115508,3.3,10460.0,1227.0,221.0,75.7,38.0,69.57
726,Орловская область,2015,70.38,208237.9,89.29126003058452,6.2,8419.0,4.0,13.0,95.7,44.5,69.785
1167,Рязанская область,2015,71.46,323131.8,90.03780428810498,4.7,8450.0,765.0,98.0,79.1,47.9,69.98
1272,Смоленская область,2015,69.74,256706.8,90.8,6.2,9918.0,107.0,59.0,98.5,50.1,70.695
1314,Тамбовская область,2015,71.67,317213.7,90.86989608642658,4.6,7834.0,18.0,56.0,81.6,35.8,70.34
1335,Тверская область,2015,69.1,329616.0,89.33430840674079,5.6,9427.0,28.0,60.0,95.3,43.4,0.0
1377,Тульская область,2015,70.06,477537.8,91.2602395730908,4.1,8626.0,494.0,149.0,87.2,35.2,72.47800000000001
1545,Ярославская область,2015,70.98,443054.1,89.80206706445443,5.3,8315.0,51.0,91.0,94.3,52.7,70.69
1566,г. Москва,2015,76.77,13520862.9,90.08727612092508,1.8,14413.0,42.0,63.0,67.6,55.7,71.27
957,Республика Карелия,2015,69.16,212049.5,91.42128472392304,8.8,11569.0,72.0,96.0,77.9,48.4,70.53375
978,Республика Коми,2015,69.4,528403.4,89.2,7.0,12069.0,364.0,612.0,103.3,48.4,70.366
54,Архангельская область,2015,70.71,627698.1,92.66505375189722,6.8,12880.0,441.0,260.0,97.7,53.2,71.175
180,Вологодская область,2015,70.4,478893.0,89.02527677852964,6.8,9678.0,1326.0,461.0,84.3,35.2,71.49666666666667
306,Калининградская область,2015,70.58,349818.6,90.79616018360343,5.7,9630.0,26.0,20.0,88.4,44.6,69.55
516,Ленинградская область,2015,71.23,849616.6,92.2,5.1,8722.0,880.0,247.0,66.0,33.6,71.74000000000001
600,Мурманская область,2015,70.24,401582.7,92.0069543856615,7.8,13582.0,1789.0,276.0,103.8,53.3,70.71000000000001
642,Новгородская область,2015,68.7,234075.7,90.80537953396784,4.6,9221.0,129.0,70.0,83.0,43.0,71.57
789,Псковская область,2015,68.48,135239.5,87.78617673299983,6.9,10008.0,16.0,27.0,85.5,34.1,69.81333333333333
1587,г. Санкт-Петербург,2015,74.42,3387417.7,92.4764822858451,2.1,10043.0,94.0,73.0,85.7,73.8,69.29875
810,Республика Адыгея,2015,72.22,84306.0,91.7846133744548,8.8,8211.0,6.0,11.0,75.1,37.9,71.35
936,Республика Калмыкия,2015,72.15,51958.5,90.1549092371476,10.7,7934.0,0.3,3.0,86.2,53.3,69.90375
432,Краснодарский край,2015,72.53,1933512.1,89.93617250350394,6.0,9261.0,1229.0,191.0,73.9,40.0,71.015
75,Астраханская область,2015,71.36,322303.0,89.85478503023842,7.5,8236.0,6.0,119.0,94.0,60.8,73.055
159,Волгоградская область,2015,71.98,740458.0,91.8066009298436,7.2,8669.0,213.0,160.0,89.5,43.9,71.15666666666667
1146,Ростовская область,2015,71.9,1189144.0,91.26902416174704,6.1,9109.0,978.0,165.0,81.4,37.7,69.708
894,Республика Дагестан,2015,76.39,569297.3,90.1,10.8,8658.0,1.0,11.0,68.0,36.7,70.226
915,Республика Ингушетия,2015,80.05,50091.0,85.12823731206396,30.5,8567.0,0.0,0.4,48.9,39.4,69.498
285,Кабардино-Балкарская Республика,2015,74.61,120528.8,88.26844679527731,10.1,9366.0,1.0,3.0,84.5,43.7,69.21
348,Карачаево-Черкесская Республика,2015,74.44,67482.7,89.0,15.1,8530.0,201.0,15.0,74.1,38.9,70.38
1062,Республика Северная Осетия - Алания,2015,74.2,126051.2,90.90719032368108,9.3,8578.0,151.0,5.0,88.6,64.5,70.71
1293,Ставропольский край,2015,73.36,621198.3,88.9,5.6,8027.0,61.0,85.0,80.2,41.3,72.2175
852,Республика Башкортостан,2015,70.08,1316598.3,90.9,6.1,8428.0,945.0,435.0,80.1,40.2,69.97000000000001
999,Республика Марий Эл,2015,69.8,171689.5,92.7467167088397,5.3,7863.0,10.0,22.0,90.3,34.8,70.1
1020,Республика Мордовия,2015,72.06,180352.3,94.80843652083692,4.2,7775.0,381.0,32.0,81.5,53.7,70.07499999999999
1083,Республика Татарстан,2015,72.81,1867258.7,91.3348552669361,4.0,7775.0,437.0,294.0,65.8,40.6,70.35
1419,Удмуртская Республика,2015,70.46,517999.8,92.0916412614812,5.0,8473.0,75.0,148.0,92.8,55.3,70.81
1503,Чувашская Республика,2015,71.35,251307.0,89.61824631688778,5.0,8071.0,12.0,27.0,83.7,49.3,70.8375
390,Кировская область,2015,71.11,282191.0,92.1,5.3,9276.0,194.0,96.0,90.1,44.4,69.22
621,Нижегородская область,2015,70.17,1104643.2,89.95902435691534,4.3,8382.0,169.0,133.0,89.1,47.4,69.995
705,Оренбургская область,2015,69.63,774962.1,92.0,4.8,8053.0,632.0,490.0,86.5,46.9,72.304
747,Пензенская область,2015,72.12,343328.6,90.7,4.7,8120.0,322.0,39.0,81.2,38.9,69.38333333333333
1188,Самарская область,2015,70.35,1264910.3,89.91119660931311,3.4,8873.0,400.0,261.0,78.4,45.4,71.38999999999999
1209,Саратовская область,2015,71.4,625176.9,89.4,4.7,7986.0,253.0,118.0,98.3,48.6,69.74000000000001
1440,Ульяновская область,2015,70.46,304479.1,91.8322777732316,4.9,8528.0,82.0,33.0,84.7,39.0,70.46600000000001
474,Курганская область,2015,69.03,179436.3,89.12683257322064,7.5,8793.0,71.0,52.0,94.3,28.8,72.7475
1251,Свердловская область,2015,69.83,1822835.0,89.9,6.5,9670.0,8078.0,984.0,90.8,42.4,70.784
1398,Тюменская область,2015,71.76,5851557.8,91.37673667031504,4.9,9692.0,159.0,2146.0,75.9,50.9,71.63875
1482,Челябинская область,2015,69.9,1209242.7,93.81391419458528,7.0,9038.0,3136.0,627.0,76.2,39.4,70.50750000000001
831,Республика Алтай,2015,68.44,42165.7,88.39998770425449,9.7,9260.0,2.0,8.0,78.5,44.7,71.79571428571428
1104,Республика Тыва,2015,63.13,47289.6,90.50658783474064,18.6,9564.0,13.0,20.0,126.5,48.9,0.0
1125,Республика Хакасия,2015,68.68,170413.1,91.2828621928856,5.8,8905.0,172.0,89.0,74.8,39.0,70.348
12,Алтайский край,2015,70.44,487903.3,89.95350087240817,8.0,8785.0,549.0,204.0,97.6,42.9,71.592
453,Красноярский край,2015,69.69,1667041.1,93.60305795731546,6.2,10598.0,6241.0,2476.0,85.7,47.6,70.86571428571428
264,Иркутская область,2015,67.37,1001717.6,91.29973255048488,8.2,9814.0,2488.0,639.0,106.0,45.5,72.242
369,Кемеровская область,2015,68.31,843345.4,92.00868545322793,7.7,8566.0,4683.0,1344.0,89.9,42.9,71.815
663,Новосибирская область,2015,70.86,1021642.9,90.36151347343232,6.9,10117.0,1034.0,185.0,98.4,51.6,72.352
684,Омская область,2015,70.41,618127.7,91.18053140220076,6.8,8338.0,1838.0,202.0,81.7,50.6,72.266
1356,Томская область,2015,71.25,471456.7,92.73771392929416,7.7,10387.0,224.0,293.0,105.3,53.5,70.525
873,Республика Бурятия,2015,69.15,202823.4,89.44333609612815,9.2,9259.0,727.0,109.0,88.7,45.6,70.21333333333332
1041,Республика Саха (Якутия),2015,70.29,747601.7,95.59772961704866,7.3,15515.0,478.0,287.0,105.7,55.2,71.115
768,Приморский край,2015,69.21,717609.9,90.24440509447464,6.9,12535.0,2022.0,193.0,102.0,50.0,71.19000000000001
1461,Хабаровский край,2015,68.72,595792.3,88.800976540193,5.3,13427.0,485.0,116.0,86.9,53.5,70.31
33,Амурская область,2015,67.27,277380.4,88.00643649562994,5.8,11555.0,350.0,127.0,102.4,55.4,70.72800000000001
558,Магаданская область,2015,68.11,125798.3,92.82819661405684,4.3,17469.0,46.0,27.0,117.2,61.0,70.30000000000001
1230,Сахалинская область,2015,67.99,837495.2,99.80918942036364,6.3,13533.0,39.0,72.0,118.9,54.1,70.84
222,Еврейская автономная область,2015,65.04,44554.8,91.49737139146038,7.9,12228.0,45.0,19.0,124.5,37.9,74.42
1524,Чукотский автономный округ,2015,64.16,61735.5,96.2920142001314,4.0,16845.0,30.0,21.0,149.3,65.0,70.24
97,Белгородская область,2016,72.87,778027.8,100.78759192072695,4.0,8099.0,551.0,113.0,72.7,41.6,74.22666666666666
118,Брянская область,2016,70.92,316489.4,98.5445219576136,4.6,8971.0,425.0,39.0,74.9,39.1,70.97333333333333
139,Владимирская область,2016,70.28,431549.8,99.15194176188427,5.6,9092.0,7.0,33.0,84.0,33.9,71.1575
202,Воронежская область,2016,72.08,827928.6,99.1456172961892,4.5,8121.0,88.0,73.0,84.1,50.9,70.9
244,Ивановская область,2016,70.77,205818.6,97.6,5.6,9373.0,10.0,27.0,82.0,43.8,72.1
328,Калужская область,2016,71.18,409462.3,98.2734521830966,4.2,9349.0,136.0,23.0,79.3,40.1,72.5575
412,Костромская область,2016,70.87,170225.1,98.480404815508,5.5,9195.0,23.0,50.0,95.6,37.1,72.22200000000001
496,Курская область,2016,70.94,379011.3,98.35043021818424,4.3,8258.0,50.0,39.0,85.1,48.5,71.118
538,Липецкая область,2016,71.62,501263.5,100.37711360164458,4.0,8313.0,1438.0,320.0,83.0,42.3,70.2725
580,Московская область,2016,72.5,4206506.0,96.3,3.3,11021.0,728.0,253.0,74.0,38.0,70.13
727,Орловская область,2016,70.73,228583.1,98.61740370099228,6.4,8739.0,6.0,21.0,92.6,44.6,70.28999999999999
1168,Рязанская область,2016,71.87,366211.3,100.70017212514507,4.4,8658.0,570.0,99.0,79.3,51.8,70.5825
1273,Смоленская область,2016,69.98,283725.5,100.3862756816362,6.1,10074.0,112.0,58.0,97.1,50.9,71.1225
1315,Тамбовская область,2016,72.11,320623.4,97.93275717751578,4.5,8268.0,18.0,56.0,80.6,37.0,70.76666666666665
1336,Тверская область,2016,69.24,397438.9,98.8488614324585,5.8,9590.0,25.0,63.0,93.9,44.1,0.0
1378,Тульская область,2016,70.56,552308.4,99.70386783015326,4.1,9035.0,654.0,142.0,85.8,36.2,72.96600000000001
1546,Ярославская область,2016,71.21,498880.3,98.69156251016452,6.7,8903.0,51.0,86.0,92.6,53.0,70.97999999999999
1567,г. Москва,2016,77.08,15121534.2,102.9506245419298,1.8,15092.0,43.0,63.0,65.2,55.4,71.55666666666667
958,Республика Карелия,2016,69.78,248140.4,101.07558701924044,9.2,12007.0,92.0,116.0,75.5,50.0,71.105
979,Республика Коми,2016,69.45,578649.1,99.16622855115608,8.7,12128.0,355.0,569.0,101.5,50.2,71.05600000000001
55,Архангельская область,2016,70.82,713043.9,99.38586747028266,7.1,10944.0,436.0,245.0,93.5,53.9,71.57249999999999
181,Вологодская область,2016,70.24,509931.7,99.81339735725376,6.6,9980.0,1330.0,441.0,78.0,34.8,71.865
307,Калининградская область,2016,71.92,417094.9,97.080938033891,6.0,9948.0,20.0,21.0,84.7,44.6,70.03999999999999
517,Ленинградская область,2016,71.7,953668.3,99.32508311759084,4.6,9211.0,873.0,243.0,66.5,35.2,72.166
601,Мурманская область,2016,70.94,467006.5,99.24084317541572,7.7,13562.0,1832.0,232.0,100.7,53.1,71.022
643,Новгородская область,2016,69.15,253056.8,99.0,4.9,9751.0,103.0,46.0,82.9,43.2,72.12333333333333
790,Псковская область,2016,69.25,159206.1,97.0787792269399,6.7,10417.0,20.0,33.0,85.0,34.8,70.39666666666666
1588,г. Санкт-Петербург,2016,74.9,4099939.7,103.02773318090578,1.6,10526.0,97.0,78.0,83.6,77.5,69.8175
811,Республика Адыгея,2016,72.59,101102.7,97.69976892632737,9.0,8521.0,3.0,11.0,74.6,37.6,71.52
937,Республика Калмыкия,2016,73.35,69564.2,99.5,10.6,8372.0,0.5,2.0,77.4,52.0,70.4875
433,Краснодарский край,2016,72.83,2257074.5,100.3,5.8,9603.0,1271.0,242.0,73.8,40.1,71.5
76,Астраханская область,2016,72.2,368485.4,101.4,7.6,8730.0,8.0,127.0,92.3,61.4,73.41
160,Волгоградская область,2016,72.49,825586.5,101.9,6.8,8794.0,162.0,161.0,87.5,44.4,71.68666666666667
1147,Ростовская область,2016,72.2,1375107.4,100.107290765589,5.8,9414.0,978.0,169.0,81.6,37.4,70.566
895,Республика Дагестан,2016,77.23,617587.6,100.98608439826494,10.9,9076.0,0.0,14.0,67.1,37.6,70.67400000000002
916,Республика Ингушетия,2016,80.82,58141.5,99.28086797447988,30.2,8881.0,0.0,1.0,48.2,40.9,70.414
286,Кабардино-Балкарская Республика,2016,75.12,152970.8,96.2,10.3,10183.0,0.5,4.0,81.7,45.1,69.66
349,Карачаево-Черкесская Республика,2016,74.72,78521.1,97.7,14.4,8815.0,267.0,17.0,70.2,40.0,70.8075
1063,Республика Северная Осетия - Алания,2016,75.05,148810.1,100.2,9.9,8896.0,180.0,5.0,90.1,66.6,70.82
1294,Ставропольский край,2016,73.4,712594.5,99.10640030495884,5.7,8148.0,64.0,88.0,80.1,42.6,72.5875
853,Республика Башкортостан,2016,71.0,1421517.6,102.29251151408978,5.8,8323.0,535.0,461.0,78.8,41.0,70.46799999999999
1000,Республика Марий Эл,2016,70.75,170890.5,99.39158411569387,6.0,8682.0,8.0,36.0,83.5,35.6,70.475
1021,Республика Мордовия,2016,72.25,223297.8,100.1,4.2,7776.0,361.0,41.0,80.5,53.6,70.435
1084,Республика Татарстан,2016,73.64,2058139.9,98.27149312107744,3.8,8108.0,495.0,338.0,65.2,40.2,71.08
1420,Удмуртская Республика,2016,70.86,570254.8,103.6978569546736,5.2,8594.0,173.0,147.0,84.2,49.5,71.06
1504,Чувашская Республика,2016,71.52,284659.1,101.4749556410973,5.3,8346.0,9.0,25.0,83.4,49.3,71.3575
391,Кировская область,2016,71.71,313533.8,99.7370395509724,5.4,9276.0,177.0,99.0,87.9,45.1,69.79666666666667
622,Нижегородская область,2016,70.75,1282751.7,101.2,4.3,8639.0,112.0,150.0,87.1,47.4,70.87
706,Оренбургская область,2016,70.57,814765.4,101.97838455133837,4.9,8242.0,644.0,512.0,85.2,46.7,73.124
748,Пензенская область,2016,72.53,358258.2,103.39625933988452,4.6,8398.0,39.0,44.0,80.4,39.3,69.84166666666667
1189,Самарская область,2016,71.08,1364822.2,98.79594574500064,4.1,9664.0,302.0,253.0,76.2,45.9,71.91999999999999
1210,Саратовская область,2016,72.07,700848.6,99.11550804067734,5.1,8168.0,317.0,110.0,99.0,48.0,70.37
1441,Ульяновская область,2016,70.97,366954.7,100.4367248128072,4.6,8826.0,86.0,33.0,82.0,40.0,70.76
475,Курганская область,2016,69.43,202100.4,98.67257323809643,8.4,9142.0,70.0,42.0,90.2,29.3,72.9225
1252,Свердловская область,2016,70.02,2109619.1,98.02856715398504,6.2,9973.0,7402.0,906.0,87.7,42.9,71.02600000000001
1399,Тюменская область,2016,72.33,6125961.8,98.41151009738778,4.6,9855.0,159.0,2292.0,74.5,51.4,72.33
1483,Челябинская область,2016,70.5,1332761.4,97.76398162461425,7.1,8984.0,3284.0,597.0,76.1,40.3,71.31
832,Республика Алтай,2016,70.13,47434.9,103.62319999833828,12.0,9353.0,2.0,7.0,77.5,45.1,72.28571428571428
1105,Республика Тыва,2016,64.21,58001.1,99.3,16.6,9775.0,13.0,92.0,119.5,50.2,0.0
1126,Республика Хакасия,2016,69.33,207742.6,102.72246205427552,6.3,8958.0,177.0,213.0,72.0,41.5,71.084
13,Алтайский край,2016,70.74,532401.5,98.4,8.6,8708.0,576.0,2363.0,96.9,43.1,72.01600000000002
454,Красноярский край,2016,70.01,1821899.9,100.7662414445733,6.1,10821.0,6290.0,642.0,84.2,47.8,71.19285714285714
265,Иркутская область,2016,68.2,1139206.8,99.82589684517386,8.8,9862.0,2098.0,1349.0,105.4,46.9,72.986
370,Кемеровская область,2016,68.72,903348.9,99.70246950007042,7.9,8748.0,4234.0,201.0,89.9,43.9,72.245
664,Новосибирская область,2016,71.2,1074794.7,101.21071079653188,7.4,10225.0,1006.0,200.0,96.7,50.5,72.734
685,Омская область,2016,70.78,669480.4,97.6215240228913,7.2,8442.0,1736.0,301.0,80.2,50.0,72.834
1357,Томская область,2016,71.66,521043.5,98.9,7.2,10262.0,197.0,1084.0,103.8,54.8,71.235
874,Республика Бурятия,2016,69.61,220764.6,99.51888929313856,9.6,9247.0,543.0,19.0,86.9,46.4,70.94999999999999
1042,Республика Саха (Якутия),2016,70.84,889449.3,100.22072633069344,7.2,16080.0,479.0,257.0,98.2,56.0,72.06166666666665
769,Приморский край,2016,69.66,860803.6,99.14811672213716,6.0,12456.0,1917.0,186.0,100.4,49.7,71.71000000000001
1462,Хабаровский край,2016,69.13,672660.4,97.8,5.0,12910.0,556.0,114.0,84.6,58.0,71.1125
34,Амурская область,2016,68.28,297531.0,96.01540694964748,5.9,11374.0,385.0,135.0,90.8,54.2,71.516
559,Магаданская область,2016,69.0,153879.8,98.89235406820372,4.4,17764.0,49.0,31.0,117.8,61.2,70.89
1231,Сахалинская область,2016,68.66,762510.3,100.0,6.3,13728.0,51.0,77.0,116.7,56.0,71.23833333333333
223,Еврейская автономная область,2016,65.88,48563.2,96.8170442592246,8.2,12574.0,59.0,19.0,129.2,36.8,74.9
1525,Чукотский автономный округ,2016,64.42,72174.1,99.9,3.5,17775.0,26.0,21.0,131.1,69.4,70.94
98,Белгородская область,2017,73.67,837306.8,104.4790652385589,3.9,8281.0,623.0,117.0,73.0,41.1,75.13666666666666
119,Брянская область,2017,71.27,341177.8,103.1746031746032,4.4,9279.0,440.0,47.0,75.2,40.7,71.77666666666667
140,Владимирская область,2017,71.15,449849.2,103.5514379463424,4.8,9104.0,6.0,37.0,83.4,34.4,72.14000000000001
203,Воронежская область,2017,73.03,873429.4,102.81458554985976,4.3,8034.0,107.0,76.0,82.2,51.7,71.9
245,Ивановская область,2017,71.47,212464.7,102.139140489497,4.7,9488.0,6.0,23.0,80.6,43.8,72.94
329,Калужская область,2017,71.87,457052.5,103.3759298111768,4.0,9601.0,129.0,27.0,75.2,40.5,73.1525
413,Костромская область,2017,71.81,178485.6,103.14854162642456,5.3,9291.0,24.0,54.0,96.5,37.4,72.99600000000001
497,Курская область,2017,71.74,404759.8,103.84726641596762,4.1,8476.0,39.0,40.0,84.4,49.6,72.162
539,Липецкая область,2017,72.46,522266.2,105.06439430618768,3.9,8313.0,1462.0,326.0,82.0,42.0,71.27625
581,Московская область,2017,73.34,4290261.2,105.69888332691568,3.2,11365.0,1194.0,227.0,72.0,38.2,71.0
728,Орловская область,2017,71.63,231118.4,103.50149512877398,6.5,8932.0,7.0,21.0,90.9,44.9,70.815
1169,Рязанская область,2017,72.7,395276.9,101.19674485399712,4.1,8898.0,572.0,96.0,78.7,50.7,71.64750000000001
1274,Смоленская область,2017,71.14,313615.8,101.13987635239567,5.7,9664.0,113.0,62.0,95.1,52.1,72.295
1316,Тамбовская область,2017,73.21,320572.4,102.90135396518376,4.4,8214.0,15.0,63.0,76.7,37.7,71.39666666666666
1337,Тверская область,2017,70.45,420671.5,102.36985236985238,4.5,9665.0,67.0,74.0,93.4,45.7,0.0
1379,Тульская область,2017,71.18,594407.6,104.06189555125724,3.9,9065.0,403.0,120.0,86.4,37.0,73.54
1547,Ярославская область,2017,71.85,534549.7,104.04791807554824,6.6,8994.0,62.0,76.0,91.8,52.8,71.91999999999999
1568,г. Москва,2017,77.87,16538189.5,98.70179457808324,1.4,15397.0,52.0,60.0,62.1,55.9,72.47333333333331
959,Республика Карелия,2017,70.65,270802.5,100.77369439071566,8.6,12203.0,105.0,114.0,74.7,51.6,72.04625000000001
980,Республика Коми,2017,71.05,608574.5,101.0725673978162,7.8,12539.0,664.0,451.0,100.2,51.4,71.908
56,Архангельская область,2017,71.94,759206.5,101.9755955839628,6.4,11380.0,417.0,251.0,91.2,55.0,72.30000000000001
182,Вологодская область,2017,71.26,542663.4,104.86454995630643,5.3,10234.0,2137.0,429.0,76.1,35.6,72.84333333333333
308,Калининградская область,2017,72.62,446677.6,100.41598142594565,5.2,10343.0,24.0,26.0,84.2,45.0,70.65666666666667
518,Ленинградская область,2017,72.54,1002543.3,104.22480993167164,4.6,9628.0,789.0,226.0,63.9,36.1,72.83000000000001
602,Мурманская область,2017,71.67,479352.8,101.66890466142335,7.0,13787.0,1356.0,243.0,96.9,53.2,72.13
644,Новгородская область,2017,69.68,256165.8,101.40028971511347,4.7,9886.0,155.0,53.0,81.8,43.3,72.90833333333333
791,Псковская область,2017,69.95,165858.1,101.72430401695404,6.5,10184.0,47.0,35.0,82.6,34.7,71.02333333333334
1589,г. Санкт-Петербург,2017,75.45,4283036.300000001,105.7424983223085,1.6,10792.0,82.0,87.0,84.5,80.7,70.88125
812,Республика Адыгея,2017,73.25,109714.5,101.74697638702246,8.8,8579.0,5.0,10.0,75.0,38.2,72.73
938,Республика Калмыкия,2017,73.54,80126.9,103.1669865642994,9.9,8551.0,0.4,3.0,78.2,53.7,71.39875
434,Краснодарский край,2017,73.42,2422752.7,101.509180044218,5.7,9925.0,1238.0,427.0,74.9,42.8,72.35499999999999
77,Астраханская область,2017,73.35,442608.8,104.45155659004944,7.4,9040.0,6.0,103.0,88.3,61.9,74.16250000000001
161,Волгоградская область,2017,73.54,850263.7,101.6115024606774,6.0,8720.0,149.0,138.0,87.3,44.6,72.31333333333332
1148,Ростовская область,2017,73.03,1441723.3,103.40821068938806,5.6,9262.0,1165.0,195.0,80.8,37.5,71.406
896,Республика Дагестан,2017,77.79,639513.2999999999,103.26086956521738,12.0,9239.0,6.0,14.0,69.2,40.1,71.352
917,Республика Ингушетия,2017,81.59,60855.8,98.54903106436848,26.4,9111.0,0.0,1.0,45.0,45.8,71.212
287,Кабардино-Балкарская Республика,2017,75.81,155221.80000000002,101.19560019129604,10.4,10140.0,0.3,3.0,77.7,45.2,70.36
350,Карачаево-Черкесская Республика,2017,75.94,82765.6,101.49686141960406,13.5,8719.0,233.0,17.0,68.6,41.0,71.38499999999999
1064,Республика Северная Осетия - Алания,2017,75.51,152526.4,104.89645829301335,11.8,8742.0,179.0,4.0,90.4,69.2,71.94
1295,Ставропольский край,2017,74.19,735609.5,103.82251248559352,5.2,8248.0,61.0,95.0,80.6,43.2,73.67
854,Республика Башкортостан,2017,71.73,1487892.2,104.97667185069986,5.6,8318.0,369.0,418.0,78.0,42.1,71.31
1001,Республика Марий Эл,2017,72.24,178193.2,105.344395137951,6.1,8742.0,8.0,35.0,82.0,36.4,71.74000000000001
1022,Республика Мордовия,2017,73.4,236090.8,102.336037532988,4.2,7824.0,506.0,54.0,77.9,53.3,71.33500000000001
1085,Республика Татарстан,2017,74.2,2264655.8,103.98832684824905,3.5,8334.0,463.0,286.0,63.4,41.5,71.73
1421,Удмуртская Республика,2017,72.06,592037.6,105.4573703631773,4.8,8453.0,144.0,139.0,81.2,51.0,72.00200000000001
1505,Чувашская Республика,2017,72.73,296505.8,104.52859652547336,5.1,8236.0,9.0,43.0,82.6,49.7,72.13250000000001
392,Кировская область,2017,72.72,331754.4,104.77672925381847,5.3,9627.0,93.0,98.0,87.3,47.5,70.66999999999999
623,Нижегородская область,2017,71.88,1387920.9,102.6280452714368,4.2,8739.0,122.0,151.0,87.7,46.8,71.5325
707,Оренбургская область,2017,70.94,872857.1,101.54204247890604,4.5,8234.0,824.0,475.0,83.3,47.0,73.794
749,Пензенская область,2017,73.34,376076.2,101.09289617486338,4.5,8326.0,41.0,37.0,79.5,42.0,70.55833333333334
1190,Самарская область,2017,71.73,1449005.7,104.55868089233752,4.2,9400.0,303.0,251.0,74.0,47.9,72.67333333333333
1211,Саратовская область,2017,72.88,728946.4,102.43664717348928,4.8,8222.0,389.0,123.0,101.0,50.4,71.28125
1442,Ульяновская область,2017,72.34,374827.9,103.89985556090517,4.4,9062.0,79.0,34.0,82.0,41.3,71.926
476,Курганская область,2017,70.8,209985.5,105.10076173946584,9.1,9220.0,54.0,44.0,87.0,29.8,73.91499999999999
1253,Свердловская область,2017,71.23,2259526.0,103.71442354076216,5.5,10031.0,7292.0,928.0,85.2,42.0,71.93799999999999
1400,Тюменская область,2017,73.1,7097070.2,101.76312763510924,3.9,10197.0,189.0,2336.0,73.0,54.3,72.96125
1484,Челябинская область,2017,71.53,1416613.3,101.1846960574869,6.6,8962.0,2977.0,533.0,74.9,42.5,72.185
833,Республика Алтай,2017,71.15,48415.2,102.49145090376162,12.0,9405.0,2.0,7.0,72.8,47.5,73.15714285714286
1106,Республика Тыва,2017,66.29,65038.9,101.6390262826108,4.9,9342.0,15.0,115.0,113.7,43.1,0.0
1127,Республика Хакасия,2017,70.21,218148.4,101.5746500777605,6.9,9133.0,174.0,204.0,71.7,43.3,71.76599999999999
14,Алтайский край,2017,71.1,545303.0,103.5514379463424,5.7,8657.0,614.0,2371.0,94.7,49.1,72.75800000000001
455,Красноярский край,2017,70.61,1977016.1,103.85699018750609,8.7,11043.0,6431.0,660.0,82.0,48.1,72.20285714285714
266,Иркутская область,2017,69.19,1268311.7,103.4715525554484,7.1,9825.0,2320.0,1488.0,103.8,44.7,73.772
371,Кемеровская область,2017,69.35,1097861.0,105.7973843451103,6.0,8879.0,4422.0,195.0,90.5,53.1,73.09333333333333
665,Новосибирская область,2017,71.57,1179564.2,104.06140691799456,7.0,10316.0,1048.0,193.0,95.0,51.2,73.608
686,Омская область,2017,71.49,699716.5,102.86382232612507,6.3,8464.0,1738.0,263.0,79.1,55.7,73.44000000000001
1358,Томская область,2017,72.02,554393.9,100.36637099884302,9.6,10379.0,85.0,1148.0,102.5,46.4,71.985
875,Республика Бурятия,2017,70.69,224594.1,104.65907985604512,18.3,9563.0,609.0,20.0,86.4,52.9,71.75333333333333
1043,Республика Саха (Якутия),2017,71.68,942029.6,100.30452988199468,7.1,16610.0,410.0,244.0,98.7,60.5,72.85833333333333
770,Приморский край,2017,70.36,906265.0,103.444929645803,5.4,12158.0,1948.0,186.0,99.2,50.3,72.4
1463,Хабаровский край,2017,69.74,697951.0,102.30895565645832,4.8,12954.0,489.0,118.0,86.0,57.5,71.8975
35,Амурская область,2017,69.06,299181.0,107.39299610894945,5.9,11203.0,331.0,133.0,95.5,55.7,72.18400000000001
560,Магаданская область,2017,69.37,161851.2,104.74995172813284,5.2,17635.0,49.0,33.0,121.7,61.8,71.64500000000001
1232,Сахалинская область,2017,70.19,784503.4,101.8652749589253,5.9,13329.0,50.0,105.0,117.6,58.4,72.13666666666667
224,Еврейская автономная область,2017,68.83,55268.0,102.57885150033556,8.3,12161.0,106.0,23.0,121.6,37.0,75.45
1526,Чукотский автономный округ,2017,66.1,72873.8,102.84718187100523,2.9,20149.0,26.0,20.0,133.1,74.8,71.67
99,Белгородская область,2018,73.67,911597.9,106.7887257197332,3.9,8480.0,616.0,175.0,72.2,40.5,75.16666666666666
120,Брянская область,2018,71.71,367157.1,107.0,3.9,9655.0,103.0,40.0,75.8,40.5,71.75
141,Владимирская область,2018,71.23,480027.8,109.88690968847716,4.7,9523.0,8.0,42.0,83.4,34.9,72.15
204,Воронежская область,2018,73.15,951292.3,108.7,3.7,8612.0,142.0,104.0,82.1,52.3,72.18
246,Ивановская область,2018,71.29,232493.6,106.00965687612629,4.2,9900.0,4.0,22.0,81.9,44.3,73.29499999999999
330,Калужская область,2018,71.89,507632.2,107.7654694127748,3.9,10240.0,210.0,29.0,75.8,40.4,73.66
414,Костромская область,2018,71.87,191812.9,109.5680351943089,4.5,9664.0,16.0,32.0,95.8,37.5,73.186
498,Курская область,2018,71.91,451000.5,106.0,4.0,9058.0,34.0,51.0,85.0,51.3,72.20000000000002
540,Липецкая область,2018,72.62,604396.2,107.8,3.8,8720.0,1447.0,316.0,81.6,41.4,71.3775
582,Московская область,2018,73.52,4644635.0,106.5262281057046,2.7,11764.0,549.0,223.0,69.0,38.2,71.10285714285715
729,Орловская область,2018,71.56,247105.5,108.2,4.9,9513.0,5.0,28.0,90.8,44.7,71.095
1170,Рязанская область,2018,72.84,416183.2,106.5,4.2,9474.0,458.0,83.0,78.1,51.5,71.6725
1275,Смоленская область,2018,71.16,335059.9,108.74190424485172,5.1,10148.0,103.0,57.0,95.6,51.5,72.2
1317,Тамбовская область,2018,72.95,352202.6,106.7,4.1,8722.0,17.0,56.0,76.5,38.3,71.75666666666666
1338,Тверская область,2018,70.47,471065.5,109.8,4.1,10171.0,1.0,28.0,92.4,45.7,0.0
1380,Тульская область,2018,71.77,666763.0,106.0,3.9,9815.0,398.0,109.0,87.7,36.9,73.916
1548,Ярославская область,2018,72.25,583605.3,106.0,5.5,9451.0,17.0,73.0,90.8,53.7,71.91999999999999
1569,г. Москва,2018,77.84,18777726.0,109.6,1.2,16087.0,42.0,61.0,62.1,58.3,72.56166666666667
960,Республика Карелия,2018,70.56,300977.1,111.1,8.7,12829.0,81.0,124.0,74.4,51.3,72.0875
981,Республика Коми,2018,71.06,696242.2,107.0,7.3,12948.0,227.0,488.0,100.0,51.9,71.95600000000002
57,Архангельская область,2018,72.1,865723.3,110.60421695301596,6.4,11816.0,416.0,204.0,88.3,56.0,72.4825
183,Вологодская область,2018,71.43,615647.7,109.06405345839426,5.1,10698.0,2197.0,376.0,77.2,35.3,72.83166666666666
309,Калининградская область,2018,72.92,493302.4,106.3,4.7,10939.0,11.0,24.0,82.6,45.4,71.39333333333333
519,Ленинградская область,2018,73.07,1147644.4,107.9,4.1,10239.0,1093.0,218.0,64.9,38.4,73.13
603,Мурманская область,2018,71.68,521051.5,108.4005508397382,6.8,14649.0,535.0,215.0,94.1,52.4,71.90800000000002
645,Новгородская область,2018,70.26,259255.8,103.99978261791036,4.2,10407.0,1385.0,56.0,82.2,43.3,73.32499999999999
792,Псковская область,2018,70.16,180730.3,110.22397978676224,5.7,10623.0,19.0,37.0,84.6,34.0,71.10333333333332
1590,г. Санкт-Петербург,2018,75.93,4785218.6,109.1,1.5,11055.0,69.0,84.0,83.1,81.2,70.99374999999999
813,Республика Адыгея,2018,73.56,119961.8,110.2,8.6,9012.0,6.0,8.0,75.2,38.9,72.95
939,Республика Калмыкия,2018,73.84,86107.1,110.5522565594812,9.7,9120.0,0.3,4.0,78.3,51.8,71.4975
435,Краснодарский край,2018,74.3,2499915.5,108.8,5.2,10228.0,773.0,825.0,73.5,43.4,72.42750000000001
78,Астраханская область,2018,73.48,579210.0,110.70635839411636,7.5,9581.0,11.0,33.0,88.6,61.2,74.2025
162,Волгоградская область,2018,73.47,927811.7,107.4,5.6,9174.0,124.0,145.0,87.7,45.1,72.71666666666667
1149,Ростовская область,2018,73.21,1548222.9,108.01234177428398,5.1,9657.0,58.0,57.0,80.3,37.5,71.486
897,Республика Дагестан,2018,78.69,676060.8,113.36939122648764,11.6,9315.0,15.0,14.0,69.5,41.2,71.78999999999999
918,Республика Ингушетия,2018,82.41,67468.2,108.09010021235292,26.3,9992.0,0.0,1.0,44.4,45.4,71.49400000000001
288,Кабардино-Балкарская Республика,2018,76.28,161577.5,110.8,10.4,10497.0,0.1,3.0,75.1,45.3,70.48
351,Карачаево-Черкесская Республика,2018,76.09,85737.9,109.99927551873148,12.0,9251.0,146.0,15.0,68.7,41.7,71.6025
1065,Республика Северная Осетия - Алания,2018,75.68,161092.7,106.67656162542582,10.3,9014.0,149.0,11.0,88.8,67.2,72.1
1296,Ставропольский край,2018,74.18,784045.7,105.71220702536048,5.0,8622.0,94.0,95.0,83.7,43.9,73.61500000000001
855,Республика Башкортостан,2018,72.06,1739362.9,108.67394426940824,4.9,8784.0,343.0,455.0,77.4,42.8,71.668
1002,Республика Марий Эл,2018,71.99,192690.3,107.446750462533,5.0,8849.0,10.0,38.0,80.6,36.2,71.66499999999999
1023,Республика Мордовия,2018,73.66,245675.6,107.77681472625214,4.2,8503.0,367.0,38.0,79.0,53.5,71.58
1086,Республика Татарстан,2018,74.35,2622773.9,106.16624146446036,3.3,8709.0,392.0,394.0,63.3,42.2,72.31
1422,Удмуртская Республика,2018,72.45,679938.9,107.37355825499016,4.8,8975.0,43.0,179.0,78.0,49.3,72.144
1506,Чувашская Республика,2018,72.95,316622.9,107.71790519435918,5.0,8657.0,7.0,42.0,82.6,49.4,72.27250000000001
393,Кировская область,2018,72.47,353265.5,107.86388587812424,5.1,9897.0,82.0,94.0,87.8,47.0,70.98
624,Нижегородская область,2018,71.69,1502156.2,104.60243122615869,4.2,9222.0,73.0,92.0,89.7,47.6,71.61500000000001
708,Оренбургская область,2018,71.45,1058504.8,108.08022144563012,4.4,8642.0,1254.0,508.0,80.7,46.7,74.296
750,Пензенская область,2018,73.21,411028.7,107.72205647360124,4.4,8774.0,47.0,27.0,79.6,42.1,70.76
1191,Самарская область,2018,72.31,1625558.7,107.65206073481905,3.7,9872.0,253.0,218.0,73.9,47.7,72.66999999999999
1212,Саратовская область,2018,72.95,773838.6,106.00176508687184,5.0,8599.0,257.0,118.0,100.8,50.5,71.47875
1443,Ульяновская область,2018,72.17,386675.4,104.982788854334,3.7,9346.0,22.0,31.0,79.9,41.8,71.908
477,Курганская область,2018,70.78,215589.9,107.54618103345013,8.0,9387.0,51.0,39.0,86.7,29.7,73.905
1254,Свердловская область,2018,71.29,2423689.4,106.86442373312885,4.8,10217.0,6848.0,857.0,84.9,43.2,72.138
1401,Тюменская область,2018,73.4,8875003.7,105.33537012990156,3.1,10450.0,144.0,2308.0,72.6,55.1,73.37875
1485,Челябинская область,2018,71.64,1521325.4,106.35600001853824,5.6,9330.0,2230.0,488.0,74.2,42.0,72.3675
834,Республика Алтай,2018,70.59,54069.4,114.89695426771264,11.2,9752.0,1.0,4.0,74.5,45.8,73.53142857142856
1107,Республика Тыва,2018,66.47,73681.6,107.8841606754098,5.2,9949.0,15.0,107.0,113.2,42.1,0.0
1128,Республика Хакасия,2018,71.15,242341.1,109.30005220541238,6.1,9876.0,142.0,192.0,70.4,42.7,72.096
15,Алтайский край,2018,71.11,579740.5,108.2,4.9,9334.0,599.0,2319.0,92.0,49.8,73.0
456,Красноярский край,2018,70.71,2374749.9,113.0,7.5,11642.0,6386.0,641.0,81.0,48.7,72.42999999999999
267,Иркутская область,2018,69.31,1460512.2,108.8417786315541,6.1,10698.0,2459.0,1384.0,98.1,44.5,74.036
372,Кемеровская область,2018,69.32,1266424.5,107.37713641065967,6.7,9108.0,3674.0,126.0,91.3,54.0,73.32833333333333
666,Новосибирская область,2018,71.83,1301631.1,108.45172186019757,6.7,10552.0,860.0,202.0,94.8,50.8,73.81200000000001
687,Омская область,2018,71.96,736076.8,109.25258947477718,6.3,8942.0,2771.0,238.0,80.7,58.1,74.01
1359,Томская область,2018,72.84,612431.7,108.42669637558753,9.3,10595.0,202.0,1026.0,99.8,45.6,72.3425
876,Республика Бурятия,2018,70.84,258578.6,110.992506054577,14.8,10395.0,560.0,4.0,86.1,51.4,71.85666666666667
1044,Республика Саха (Якутия),2018,72.72,1126774.7,113.69158361366254,6.9,16667.0,378.0,256.0,96.8,61.0,73.02499999999999
771,Приморский край,2018,70.48,965485.2,107.89836927335904,5.4,12623.0,2087.0,181.0,99.4,50.5,72.584
1464,Хабаровский край,2018,70.19,761589.2,107.4921764295196,3.8,13497.0,520.0,84.0,88.5,57.2,72.33500000000001
36,Амурская область,2018,69.11,334164.4,110.14444994427453,5.6,11172.0,359.0,113.0,95.7,55.0,72.53
561,Магаданская область,2018,69.62,176370.6,110.0240235799942,5.0,18910.0,48.0,29.0,118.6,63.8,71.685
1233,Сахалинская область,2018,69.92,1233164.7,111.00101802151865,5.3,14072.0,47.0,85.0,113.8,58.1,72.27333333333333
225,Еврейская автономная область,2018,68.6,54577.8,110.42448366882384,7.0,13051.0,114.0,19.0,121.1,36.2,75.93
1527,Чукотский автономный округ,2018,63.58,83422.6,103.96371697824954,3.1,21606.0,38.0,23.0,131.3,75.5,71.68
100,Белгородская область,2019,74.21,955329.2,103.9836053573979,3.9,9236.0,853.0,157.0,70.4,40.5,75.62666666666667
121,Брянская область,2019,72.31,399113.8,103.99567345447852,3.8,10320.0,104.0,46.0,74.9,40.2,72.23666666666666
142,Владимирская область,2019,71.87,535493.4,103.53516794006062,4.0,9901.0,10.0,54.0,82.9,35.1,72.8
205,Воронежская область,2019,73.63,1001790.3,103.4082389057852,3.6,8894.0,115.0,105.0,78.8,52.9,72.535
247,Ивановская область,2019,71.84,254968.9,102.05008369806896,3.8,9839.0,8.0,17.0,81.2,44.1,73.75
331,Калужская область,2019,72.35,549755.8,103.9219896754522,3.7,10565.0,44.0,27.0,73.0,42.6,74.14
415,Костромская область,2019,72.35,203821.4,108.09209317953928,4.1,10128.0,21.0,44.0,94.3,38.1,73.73400000000001
499,Курская область,2019,72.27,495864.4,103.8,4.0,9449.0,28.0,58.0,84.9,51.3,72.47800000000001
541,Липецкая область,2019,73.34,570022.9,103.3194405318376,3.7,9169.0,1167.0,310.0,81.9,42.3,71.72375
583,Московская область,2019,73.86,5196136.4,102.16397316497654,2.7,12272.0,555.0,189.0,81.7,42.6,71.41714285714285
730,Орловская область,2019,72.56,266655.6,103.2310975672028,5.3,9810.0,4.0,26.0,88.2,44.8,71.42500000000001
1171,Рязанская область,2019,73.2,436417.7,102.6858878074886,3.9,9615.0,532.0,102.0,76.7,52.6,72.1925
1276,Смоленская область,2019,71.89,349237.6,101.8,5.2,10330.0,103.0,53.0,94.7,51.6,72.82249999999999
1318,Тамбовская область,2019,73.56,353745.5,101.93102252835938,3.9,9805.0,14.0,73.0,76.1,40.3,72.28333333333333
1339,Тверская область,2019,71.24,488367.5,103.88881423730372,4.0,10400.0,53.0,67.0,92.4,45.4,0.0
1381,Тульская область,2019,72.21,676822.6,105.71117100796285,3.8,10326.0,727.0,107.0,88.4,38.5,74.338
1549,Ярославская область,2019,72.92,609150.8,101.59061378447925,5.4,9780.0,16.0,92.0,86.9,50.3,72.35333333333332
1570,г. Москва,2019,78.36,19797064.3,107.6,1.4,16843.0,93.0,75.0,65.1,61.2,72.99
961,Республика Карелия,2019,71.46,319050.0,104.53397455997457,7.4,13307.0,98.0,122.0,74.9,51.7,72.55875
982,Республика Коми,2019,71.3,718138.7,100.385462755573,6.8,13791.0,322.0,392.0,97.6,51.4,72.62400000000001
58,Архангельская область,2019,72.34,889974.4,103.8008875491186,6.3,12334.0,380.0,204.0,83.8,55.5,72.91
184,Вологодская область,2019,71.82,632759.5,106.02915580814977,4.5,10691.0,697.0,413.0,77.0,35.5,73.36833333333333
310,Калининградская область,2019,73.56,520951.2,101.70145192634344,4.4,11392.0,27.0,23.0,81.5,46.5,71.31666666666666
520,Ленинградская область,2019,73.64,1223679.6,102.20675233200902,3.9,11028.0,1097.0,194.0,61.4,37.1,73.53399999999999
604,Мурманская область,2019,71.75,616504.1,104.76104961708776,5.4,16688.0,1181.0,231.0,95.3,51.7,72.998
646,Новгородская область,2019,70.52,273808.0,97.99852253676654,3.6,10673.0,176.0,61.0,81.8,43.4,73.75166666666667
793,Псковская область,2019,70.65,196625.3,104.9,5.1,10633.0,23.0,40.0,94.2,31.0,71.27
1591,г. Санкт-Петербург,2019,76.31,5186129.3,104.71929879199293,1.4,11500.0,7987.0,67.0,83.5,84.9,71.33375000000001
814,Республика Адыгея,2019,73.85,131125.8,105.6966067679027,8.2,9119.0,4.0,6.0,69.2,39.0,73.44
940,Республика Калмыкия,2019,74.84,88986.9,104.89900023944364,9.2,9700.0,0.1,6.0,78.8,50.2,71.92125
436,Краснодарский край,2019,73.91,2577131.1,102.16110797312216,4.8,10621.0,1095.0,432.0,73.5,43.3,72.77000000000001
79,Астраханская область,2019,73.86,601811.2,103.03829521895598,7.6,10114.0,23.0,104.0,86.0,61.2,74.7225
163,Волгоградская область,2019,74.07,963214.4,103.61325554786411,5.3,9322.0,140.0,144.0,88.2,45.3,72.98666666666666
1150,Ростовская область,2019,73.69,1636017.5,102.71953554122828,4.8,10039.0,849.0,158.0,79.3,37.1,71.626
898,Республика Дагестан,2019,79.1,713723.6,102.01674534503913,13.0,9766.0,31.0,13.0,66.6,41.3,72.208
919,Республика Ингушетия,2019,83.4,73791.6,104.8846457507496,26.4,10012.0,0.0,8.0,44.1,44.4,71.78399999999999
289,Кабардино-Балкарская Республика,2019,76.46,171544.7,101.55233516844646,10.7,10872.0,0.1,3.0,81.5,46.9,70.54
352,Карачаево-Черкесская Республика,2019,76.21,91430.0,101.39475893590256,11.7,9655.0,244.0,15.0,68.7,41.7,71.76249999999999
1066,Республика Северная Осетия - Алания,2019,75.75,173459.4,102.86532144112942,12.1,9231.0,13.0,7.0,87.5,68.2,72.34
1297,Ставропольский край,2019,74.66,829223.9,104.74450565410814,4.8,8973.0,78.0,102.0,81.9,44.2,74.16749999999999
856,Республика Башкортостан,2019,72.64,1803321.7,103.32277774859136,4.4,9222.0,320.0,471.0,77.6,43.4,71.726
1003,Республика Марий Эл,2019,72.9,203282.1,101.9195266600273,4.6,9258.0,11.0,37.0,78.3,36.2,72.425
1024,Республика Мордовия,2019,73.95,262760.6,104.21493832108962,4.2,9181.0,324.0,51.0,78.8,53.4,71.97999999999999
1087,Республика Татарстан,2019,75.03,2808753.3,102.15672114956332,3.3,8938.0,261.0,290.0,63.1,42.8,72.77
1423,Удмуртская Республика,2019,72.8,722846.0,103.48400212779822,4.3,9455.0,69.0,197.0,74.5,49.6,72.564
1507,Чувашская Республика,2019,73.44,339490.4,105.1,4.7,9285.0,7.0,37.0,81.3,49.5,72.7025
394,Кировская область,2019,72.96,370472.6,104.09748144417104,4.8,10330.0,139.0,89.0,87.7,48.5,71.46
625,Нижегородская область,2019,72.32,1617171.7,102.4,4.1,9699.0,102.0,162.0,88.2,48.3,72.0075
709,Оренбургская область,2019,72.04,1106329.3,103.88967409658252,4.4,8991.0,527.0,452.0,77.5,46.4,74.78800000000001
751,Пензенская область,2019,73.61,448521.1,101.94364060728785,4.3,9179.0,1053.0,28.0,80.5,42.6,71.145
1192,Самарская область,2019,72.77,1689575.4,103.28463176968968,3.9,10148.0,429.0,254.0,72.9,48.8,73.25
1213,Саратовская область,2019,73.07,809822.6,109.67747049327104,4.3,8809.0,255.0,120.0,100.0,50.8,71.82749999999999
1444,Ульяновская область,2019,72.96,424995.6,103.34000695156357,3.8,9630.0,22.0,28.0,78.7,42.5,72.482
478,Курганская область,2019,71.14,236825.8,104.07714992774947,7.8,9795.0,61.0,45.0,86.9,29.3,74.45
1255,Свердловская область,2019,71.81,2535215.0,103.11711696950124,4.2,10186.0,7060.0,898.0,85.0,43.7,72.486
1402,Тюменская область,2019,74.04,8952460.5,103.00154858331602,3.0,11019.0,386.0,2220.0,71.7,55.9,73.91624999999999
1486,Челябинская область,2019,72.08,1547518.0,102.40660666034842,5.1,10038.0,2131.0,493.0,73.9,42.3,72.5125
835,Республика Алтай,2019,70.29,57064.0,105.4,11.0,10041.0,3.0,6.0,73.3,44.8,73.97857142857143
1108,Республика Тыва,2019,67.57,79321.3,101.57519204545102,6.0,10384.0,8.0,105.0,107.5,42.3,0.0
1129,Республика Хакасия,2019,71.05,256322.3,104.87291807358858,5.8,10809.0,143.0,169.0,69.9,42.6,72.412
16,Алтайский край,2019,71.61,628146.1,104.20546417022828,4.5,9704.0,521.0,2432.0,91.8,49.9,73.372
457,Красноярский край,2019,71.16,2696158.9,104.2,6.6,12290.0,5250.0,644.0,80.3,49.0,72.87857142857143
268,Иркутская область,2019,69.55,1540237.8,104.95438506927924,5.5,11365.0,2426.0,1760.0,94.7,43.8,74.422
373,Кемеровская область,2019,69.78,1110194.8,103.43079939060692,6.1,9764.0,3380.0,136.0,90.6,54.6,73.61
667,Новосибирская область,2019,72.25,1332895.8,103.35936594729478,6.4,11018.0,659.0,151.0,94.5,50.9,74.19200000000001
688,Омская область,2019,72.32,772095.9,104.41776533160456,5.5,9570.0,1613.0,225.0,80.3,56.4,74.436
1360,Томская область,2019,72.85,617903.6,102.581308796071,9.2,11140.0,203.0,1099.0,96.0,45.1,72.7325
877,Республика Бурятия,2019,70.77,285490.6,106.78307008223426,12.3,11274.0,600.0,5.0,83.3,49.7,72.38999999999999
1045,Республика Саха (Якутия),2019,73.0,1227680.3,102.911886413962,6.9,17286.0,373.0,288.0,95.7,61.6,73.25666666666666
772,Приморский край,2019,70.54,1069330.7,106.7,5.2,13270.0,1911.0,178.0,98.0,51.8,73.11800000000001
1465,Хабаровский край,2019,70.05,805215.6,101.5925272129432,3.8,14417.0,450.0,112.0,85.9,56.4,72.735
37,Амурская область,2019,68.66,395617.2,106.04681101347886,5.4,12379.0,349.0,124.0,95.4,54.9,73.054
562,Магаданская область,2019,69.66,214414.9,105.90169802300576,4.6,19695.0,45.0,60.0,110.7,62.2,72.13
1234,Сахалинская область,2019,70.28,1172226.1,108.82721415866952,5.2,14898.0,30.0,57.0,113.8,63.6,72.71333333333334
226,Еврейская автономная область,2019,68.08,56847.6,102.6,6.2,14329.0,110.0,16.0,121.2,38.0,76.31
1528,Чукотский автономный округ,2019,68.09,94995.0,102.9242066370261,3.8,22098.0,23.0,18.0,126.9,71.0,71.75
101,Белгородская область,2020,72.37,997330.9,104.80433940333204,4.9,9593.0,1075.0,168.0,69.3,40.3,73.80333333333334
122,Брянская область,2020,70.63,414179.4,102.94400615739848,4.0,10950.0,102.0,47.0,75.7,40.7,70.32999999999998
143,Владимирская область,2020,70.03,553092.4,102.9980657640232,5.6,10808.0,12.0,60.0,83.4,36.0,70.6675
206,Воронежская область,2020,71.91,1062765.4,103.1875179477362,4.3,9053.0,137.0,116.0,78.6,52.0,70.775
248,Ивановская область,2020,70.66,269508.8,101.63618864292587,5.4,10581.0,6.0,25.0,86.4,47.8,71.6
332,Калужская область,2020,70.38,561895.8,102.41080038572804,4.7,10964.0,44.0,26.0,79.6,40.9,72.0875
416,Костромская область,2020,70.92,204114.1,98.5766493556453,5.5,11010.0,26.0,45.0,102.7,39.3,71.968
500,Курская область,2020,70.52,523000.5,105.31884197364624,4.9,9997.0,31.0,53.0,87.1,52.9,70.78200000000001
542,Липецкая область,2020,70.59,618273.1,103.3053869133661,4.3,9828.0,1631.0,322.0,81.6,40.4,70.16
584,Московская область,2020,71.67,5406076.5,101.7923241768946,3.6,13169.0,600.0,203.0,76.8,42.5,69.97857142857143
731,Орловская область,2020,70.1,282883.7,103.68151512223405,6.1,10378.0,6.0,27.0,78.4,45.5,70.09
1172,Рязанская область,2020,70.95,461214.6,101.77161563643368,5.4,10785.0,273.0,77.0,76.2,53.4,70.97
1277,Смоленская область,2020,70.1,365048.1,102.51450676982591,5.3,10752.0,259.0,58.0,96.6,52.2,71.02
1319,Тамбовская область,2020,71.78,376258.7,104.07849172758756,4.6,10178.0,13.0,69.0,74.0,42.5,70.40333333333332
1340,Тверская область,2020,69.76,486599.1,103.94126738794436,4.4,11138.0,51.0,97.0,92.3,46.0,0.0
1382,Тульская область,2020,70.2,713110.4,103.34522317555192,4.4,10999.0,615.0,119.0,82.8,38.4,72.262
1550,Ярославская область,2020,70.94,611748.5,100.89362928797924,7.3,10668.0,19.0,84.0,93.0,56.1,70.98333333333332
1571,г. Москва,2020,76.2,20260717.7,103.06974936856422,2.6,17740.0,117.0,60.0,69.8,68.2,71.425
962,Республика Карелия,2020,69.63,322803.6,104.1085345905898,8.7,14196.0,129.0,129.0,88.1,59.5,70.87875
983,Республика Коми,2020,70.3,613266.9,102.10897986449088,7.7,14567.0,274.0,350.0,104.5,55.3,70.766
59,Архангельская область,2020,71.35,781819.0,102.77670651754724,7.4,13304.0,342.0,191.0,87.5,59.6,71.2475
185,Вологодская область,2020,70.71,624437.1,105.38483768423082,6.1,11428.0,826.0,377.0,77.2,36.2,71.47999999999999
311,Калининградская область,2020,72.93,549311.2,99.18950212273252,5.9,12084.0,55.0,21.0,77.5,46.4,69.94666666666666
521,Ленинградская область,2020,71.53,1238641.3,101.13669484115417,5.3,11289.0,1017.0,214.0,57.0,35.5,71.74600000000001
605,Мурманская область,2020,69.81,798450.1,105.07456904900252,7.7,17723.0,1715.0,199.0,111.9,55.2,70.9
647,Новгородская область,2020,69.59,279689.3,102.44043599884247,5.8,11352.0,189.0,63.0,81.9,42.8,71.74000000000001
794,Псковская область,2020,69.13,201756.7,103.86332750922152,6.5,11441.0,17.0,37.0,96.8,33.2,69.97666666666666
1592,г. Санкт-Петербург,2020,73.99,5332558.3,100.95920937893617,2.9,11910.0,38.0,67.0,79.7,86.0,69.95125
815,Республика Адыгея,2020,73.27,142913.5,102.89855072463769,8.5,9876.0,6.0,8.0,64.1,37.2,71.03
941,Республика Калмыкия,2020,72.93,94025.9,107.55478662053058,9.6,10443.0,0.4,3.0,77.7,50.1,70.185
437,Краснодарский край,2020,72.24,2667228.2,103.18767561282824,5.7,11261.0,1141.0,415.0,71.3,44.2,70.9325
80,Астраханская область,2020,72.01,527290.2,104.45155659004944,7.9,10793.0,27.0,112.0,89.3,64.0,72.7175
164,Волгоградская область,2020,71.98,977707.7,104.15458937198068,7.6,9864.0,110.0,175.0,86.0,44.9,71.16666666666666
1151,Ростовская область,2020,72.04,1714576.7,102.1297192642788,5.0,10787.0,730.0,175.0,77.6,38.4,69.91
899,Республика Дагестан,2020,76.43,740798.8,111.6,15.7,10465.0,4.0,10.0,69.3,41.0,70.404
920,Республика Ингушетия,2020,81.48,70857.40000000001,104.31932124951793,29.8,10353.0,0.0,2.0,49.8,45.8,70.094
290,Кабардино-Балкарская Республика,2020,74.37,180077.5,104.9537393986122,14.8,11311.0,0.1,3.0,75.1,46.4,69.55
353,Карачаево-Черкесская Республика,2020,74.82,95297.1,107.0117828858412,14.7,10277.0,239.0,16.0,82.6,41.8,70.1875
1067,Республика Северная Осетия - Алания,2020,74.08,179159.0,103.02264554378462,15.4,9854.0,4.0,10.0,96.7,70.2,71.35
1298,Ставропольский край,2020,73.2,846890.1,102.49494268374916,6.2,9777.0,64.0,110.0,86.0,44.3,72.3725
857,Республика Башкортостан,2020,70.36,1694189.7,102.54924681344148,5.9,9834.0,311.0,441.0,78.1,43.9,70.428
1004,Республика Марий Эл,2020,71.05,197948.7,103.75896144158108,6.8,9846.0,10.0,55.0,80.5,36.1,70.53999999999999
1025,Республика Мордовия,2020,71.6,266387.0,105.0632911392405,5.3,9378.0,323.0,59.0,79.5,53.9,70.425
1088,Республика Татарстан,2020,72.61,2631286.8,103.10378273520855,3.6,9600.0,252.0,325.0,62.3,43.2,70.45
1424,Удмуртская Республика,2020,71.03,684430.6,103.38818973862536,6.3,10314.0,88.0,131.0,78.4,52.4,70.8
1508,Чувашская Республика,2020,71.03,346046.4,104.26586337576522,6.1,9804.0,7.0,25.0,86.4,51.1,70.925
395,Кировская область,2020,71.42,396946.8,104.12857280338754,5.4,10710.0,183.0,87.0,94.4,53.0,69.90666666666667
626,Нижегородская область,2020,70.33,1600333.4,102.82083373447576,4.6,10372.0,82.0,122.0,90.3,48.9,70.27
710,Оренбургская область,2020,69.73,1046728.3,103.79377431906616,5.9,9760.0,497.0,405.0,81.1,48.1,73.02600000000001
752,Пензенская область,2020,71.34,484785.4,102.89855072463769,5.0,9610.0,1072.0,33.0,81.3,45.4,69.85999999999999
1193,Самарская область,2020,70.45,1625461.8,102.55421686746988,4.4,10962.0,463.0,255.0,73.9,49.0,71.40333333333332
1214,Саратовская область,2020,71.14,856515.7,104.66788076296368,5.6,9631.0,340.0,127.0,94.6,50.1,70.17750000000001
1445,Ульяновская область,2020,70.98,438968.9,102.1686746987952,4.9,10306.0,18.0,31.0,82.0,43.4,71.0
479,Курганская область,2020,69.94,240188.2,104.26494656782516,8.2,10452.0,28.0,39.0,90.8,30.0,72.77250000000001
1256,Свердловская область,2020,70.15,2512654.9,102.09627329192546,5.8,10817.0,6893.0,784.0,87.3,45.4,70.878
1403,Тюменская область,2020,72.24,7280595.6,105.29904539255796,3.6,14740.0,422.0,2183.0,71.9,56.9,72.15125
1487,Челябинская область,2020,70.29,1602739.4,101.65393171486603,6.8,11232.0,1871.0,457.0,79.8,42.4,70.8575
836,Республика Алтай,2020,69.15,62850.8,105.52910309979592,14.0,10697.0,1.0,7.0,76.3,47.7,72.19285714285714
1109,Республика Тыва,2020,66.25,82230.8,103.96611474778592,8.7,10674.0,10.0,110.0,105.7,39.7,0.0
1130,Республика Хакасия,2020,70.06,266213.2,103.82460884682249,5.9,11795.0,214.0,175.0,74.3,45.4,70.898
17,Алтайский край,2020,70.19,664129.2,105.50769528603232,6.0,10211.0,520.0,2540.0,95.2,50.5,71.58
458,Красноярский край,2020,69.82,2725096.7,100.63866847300172,7.7,13053.0,5731.0,655.0,81.5,49.1,71.04285714285714
269,Иркутская область,2020,68.25,1494326.6,102.88424312814556,6.7,11982.0,2414.0,1612.0,93.4,44.4,72.82600000000001
374,Кемеровская область,2020,68.51,1045077.1,103.73242850218128,6.7,10403.0,3049.0,164.0,92.0,55.7,71.92666666666666
668,Новосибирская область,2020,70.32,1358350.1,103.23203087313073,8.9,11845.0,831.0,147.0,94.9,51.9,72.41400000000002
689,Омская область,2020,70.32,770280.4,102.85769267776388,8.6,10324.0,1452.0,177.0,82.5,53.4,72.49000000000001
1361,Томская область,2020,71.17,553211.6,102.18908326163849,10.5,11850.0,192.0,1120.0,90.8,44.9,71.3225
878,Республика Бурятия,2020,70.29,302800.4,107.0156866519103,18.0,12333.0,554.0,5.0,85.1,50.1,70.37666666666667
1046,Республика Саха (Якутия),2020,71.1,1133688.2,102.91020486310548,7.4,17824.0,479.0,286.0,86.1,60.0,71.52833333333334
773,Приморский край,2020,69.55,1105672.6,103.08582449373192,5.5,14025.0,1303.0,170.0,98.5,51.6,71.114
1466,Хабаровский край,2020,68.61,856904.8,101.8875192604006,4.0,15569.0,483.0,121.0,83.2,57.7,71.34750000000001
38,Амурская область,2020,67.38,449317.5,105.23321956769055,6.0,13530.0,331.0,136.0,96.0,56.0,71.04599999999999
563,Магаданская область,2020,69.04,285146.0,105.03875968992249,5.6,20830.0,41.0,40.0,111.8,63.2,70.235
1235,Сахалинская область,2020,69.73,1001689.4,101.65257494235205,5.5,16130.0,62.0,64.0,119.2,66.8,70.87666666666667
227,Еврейская автономная область,2020,67.5,63177.1,103.72062042059189,6.3,15416.0,106.0,17.0,119.2,38.6,73.99
1529,Чукотский автономный округ,2020,65.82,119949.4,110.5330322960636,4.4,23999.0,21.0,17.0,134.1,76.7,69.81
102,Белгородская область,2021,70.67,1359965.6,104.4,4.2,9720.0,874.0,156.0,70.7,41.8,72.03666666666666
123,Брянская область,2021,68.67,482669.4,104.1,3.4,11280.0,146.0,44.0,73.9,39.2,69.18333333333334
144,Владимирская область,2021,68.11,730328.8,104.7,3.9,11093.0,12.0,62.0,86.1,37.0,68.9025
207,Воронежская область,2021,69.49,1273851.9,103.8,3.8,9747.0,137.0,111.0,77.9,53.2,69.275
249,Ивановская область,2021,69.02,308392.2,103.2,4.5,10761.0,7.0,25.0,87.8,47.1,70.25999999999999
333,Калужская область,2021,69.16,671155.5,103.2,4.0,11618.0,50.0,30.0,72.4,41.8,71.0825
417,Костромская область,2021,68.78,247508.0,104.0,4.4,11241.0,29.0,41.0,100.6,40.0,70.44000000000001
501,Курская область,2021,68.56,688469.1,104.4,4.0,10459.0,43.0,56.0,88.5,53.1,69.296
543,Липецкая область,2021,68.58,853038.4,101.2,4.2,9945.0,2097.0,322.0,81.6,40.1,68.5725
585,Московская область,2021,70.35,6809951.1,102.6,3.4,13580.0,494.0,171.0,65.5,42.1,68.40571428571428
732,Орловская область,2021,68.97,338266.1,104.5,4.7,10722.0,11.0,27.0,78.8,45.7,68.64
1173,Рязанская область,2021,68.61,544053.6,103.6,4.0,10785.0,1241.0,97.0,76.5,54.3,69.23
1278,Смоленская область,2021,68.0,428827.5,103.2,5.0,11201.0,215.0,55.0,96.8,52.0,69.39
1320,Тамбовская область,2021,69.88,442996.9,102.7,3.9,10221.0,12.0,68.0,75.1,45.2,68.91333333333333
1341,Тверская область,2021,67.87,564548.5,104.2,3.9,11234.14,160.0,63.0,94.0,46.9,0.0
1383,Тульская область,2021,68.97,887541.1,101.9,3.8,11134.0,424.0,116.0,83.6,39.4,71.176
1551,Ярославская область,2021,69.07,695015.4,102.0,5.9,10742.0,15.0,87.0,98.1,55.4,69.27333333333333
1572,г. Москва,2021,74.55,24265759.9,106.8,2.6,18029.0,182.0,63.0,61.7,70.8,69.79833333333332
963,Республика Карелия,2021,67.31,447564.1,99.1,6.6,14467.0,149.0,136.0,86.3,60.6,69.1325
984,Республика Коми,2021,68.32,869995.8,100.2,7.0,14567.0,282.0,370.0,99.3,54.8,68.864
60,Архангельская область,2021,69.6,1080494.9,101.8,6.6,13857.0,405.0,197.0,90.6,60.8,69.66749999999999
186,Вологодская область,2021,69.08,1026496.5,99.4,4.7,11767.0,822.0,380.0,77.1,35.7,69.84166666666667
312,Калининградская область,2021,70.99,683811.6,105.6,5.0,12067.0,65.0,23.0,77.5,48.3,68.67999999999999
522,Ленинградская область,2021,70.17,1473287.1,102.9,3.7,11289.0,617.0,234.0,58.4,36.3,70.552
606,Мурманская область,2021,68.29,1106607.7,104.8,5.8,18625.0,1627.0,134.0,109.3,55.5,69.488
648,Новгородская область,2021,67.64,345664.3,107.9,4.1,11408.0,197.0,66.0,80.8,43.5,70.69833333333334
795,Псковская область,2021,67.69,227739.7,105.7,4.7,11807.0,14.0,39.0,91.5,34.5,68.66333333333333
1593,г. Санкт-Петербург,2021,72.51,9420445.3,104.2,2.0,11910.4,33.0,72.0,81.2,87.9,68.5975
816,Республика Адыгея,2021,71.22,171386.1,104.2,8.3,9779.0,2.0,8.0,63.5,37.1,69.99
942,Республика Калмыкия,2021,71.4,102377.2,94.6,9.0,10631.0,0.0,4.0,79.8,49.7,68.46499999999999
438,Краснодарский край,2021,70.53,3280988.8,105.2,5.0,11397.0,1019.0,435.0,72.9,44.1,69.4875
81,Астраханская область,2021,69.9,663770.6,101.5,7.7,11069.0,15.0,91.0,85.4,61.4,71.0925
165,Волгоградская область,2021,69.96,1067376.2,101.9,4.9,10158.0,120.0,223.0,86.1,44.2,69.59666666666666
1152,Ростовская область,2021,69.79,2042953.9,103.2,4.0,11053.0,861.0,177.0,77.9,38.8,68.688
900,Республика Дагестан,2021,76.59,802523.3,92.3,15.1,10628.0,12.0,11.0,64.3,40.5,68.992
921,Республика Ингушетия,2021,80.52,71831.70000000001,98.2,30.9,10964.0,0.0,2.0,46.9,46.0,68.822
291,Кабардино-Балкарская Республика,2021,73.77,212776.9,98.8,11.7,12576.0,0.1,5.0,69.8,45.6,68.61
354,Карачаево-Черкесская Республика,2021,73.47,108591.7,103.8,12.3,10451.0,7.0,14.0,73.4,42.7,68.7575
1068,Республика Северная Осетия - Алания,2021,72.47,197993.1,101.1,13.4,10596.0,4.0,10.0,78.9,68.5,69.6
1299,Ставропольский край,2021,71.66,1037863.5,103.0,5.3,10081.0,69.0,124.0,78.9,44.8,70.64
858,Республика Башкортостан,2021,69.49,2016023.7,103.7,4.3,10015.0,317.0,449.0,76.3,43.6,68.82400000000001
1005,Республика Марий Эл,2021,69.46,226451.5,103.4,5.3,10184.0,12.0,39.0,81.5,36.7,68.525
1026,Республика Мордовия,2021,70.24,304167.2,104.5,4.2,9716.0,368.0,53.0,78.3,55.2,69.16499999999999
1089,Республика Татарстан,2021,71.28,3533272.5,107.7,2.6,9955.0,241.0,323.0,62.2,43.1,69.33
1425,Удмуртская Республика,2021,69.99,867612.5,102.5,4.5,10465.0,92.0,145.0,79.9,53.6,69.084
1509,Чувашская Республика,2021,69.99,399899.3,105.3,4.8,9804.0,8.0,27.0,82.4,52.2,69.05000000000001
396,Кировская область,2021,69.73,488594.5,103.3,4.9,10710.0,147.0,89.0,96.8,53.2,67.97
627,Нижегородская область,2021,68.93,1931254.1,102.8,4.2,10833.0,76.0,123.0,91.6,49.9,68.52250000000001
711,Оренбургская область,2021,68.21,1409921.0,102.3,4.7,9938.0,826.0,433.0,79.0,47.6,71.89200000000001
753,Пензенская область,2021,69.97,540115.8,102.1,4.2,9610.0,909.0,29.0,82.1,46.6,68.24333333333333
1194,Самарская область,2021,69.33,2157662.0,102.9,3.5,10979.0,224.0,235.0,73.6,48.7,69.83333333333333
1215,Саратовская область,2021,69.08,1009797.7,104.3,4.5,9844.0,369.0,117.0,95.2,50.1,68.73375
1446,Ульяновская область,2021,69.05,508499.1,103.5,4.3,10642.0,18.0,31.0,82.0,42.8,69.298
480,Курганская область,2021,68.29,272175.2,101.5,7.6,10696.0,33.0,40.0,102.3,29.9,71.085
1257,Свердловская область,2021,68.79,3083947.1,105.3,4.1,11206.0,7778.0,784.0,89.6,44.7,69.36800000000001
1404,Тюменская область,2021,71.26,11492922.3,101.4,3.2,11748.0,411.0,2343.0,74.7,58.2,70.61
1488,Челябинская область,2021,69.16,2064927.6,105.3,4.9,11430.0,2864.0,467.0,79.3,42.6,69.17750000000001
837,Республика Алтай,2021,67.86,74513.4,103.8,12.0,10838.0,0.6,7.0,76.5,45.9,70.73714285714286
1110,Республика Тыва,2021,66.87,91529.3,100.7,6.4,11494.0,10.0,110.0,111.2,40.9,0.0
1131,Республика Хакасия,2021,68.49,315304.4,104.4,5.5,11784.0,204.0,177.0,70.8,45.2,69.55199999999999
18,Алтайский край,2021,68.6,869672.1,104.1,3.6,10665.0,534.0,2418.0,95.2,49.5,70.34400000000001
459,Красноярский край,2021,68.34,3122115.3,103.9,6.0,13409.0,5558.0,663.0,80.1,49.5,69.55714285714285
270,Иркутская область,2021,66.8,1972480.5,104.5,5.4,12243.0,2520.0,1603.0,90.0,43.6,71.526
375,Кемеровская область,2021,67.61,1823647.7,101.2,6.1,10727.0,3309.0,188.0,94.1,56.4,70.35166666666666
669,Новосибирская область,2021,69.19,1628844.4,99.0,6.5,12284.0,1008.0,159.0,92.6,52.0,70.638
690,Омская область,2021,69.02,796044.1,103.9,6.8,10635.0,1618.0,178.0,82.9,59.6,71.394
1362,Томская область,2021,69.7,723226.5,101.7,9.5,12218.0,123.0,1275.0,100.8,43.6,69.6575
879,Республика Бурятия,2021,68.91,356150.2,98.1,15.0,12810.0,518.0,7.0,79.5,49.7,68.62666666666667
1047,Республика Саха (Якутия),2021,69.98,1672273.8,103.4,6.9,18368.0,435.0,390.0,84.7,59.7,70.18833333333332
774,Приморский край,2021,68.61,1354099.5,104.7,4.2,13963.0,1556.0,197.0,97.5,51.4,69.814
1467,Хабаровский край,2021,67.85,1017795.1,105.0,3.1,16222.0,493.0,125.0,92.3,56.6,69.69
39,Амурская область,2021,66.3,548269.8,106.2,5.2,14017.0,380.0,150.0,99.4,57.5,69.52000000000001
564,Магаданская область,2021,67.41,320159.6,102.9,4.9,21102.0,57.0,39.0,104.6,63.9,68.83
1236,Сахалинская область,2021,68.42,1237949.8,96.9,5.2,15906.0,71.0,62.0,118.9,68.1,69.06833333333333
228,Еврейская автономная область,2021,66.12,79156.9,101.4,5.6,16386.0,80.0,17.0,132.2,36.2,72.51
1530,Чукотский автономный округ,2021,64.87,140026.3,104.6,2.6,24164.0,17.0,18.0,134.8,77.4,68.29
103,Белгородская область,2022,73.03,1282187.9,99.44680796615518,3.7,11692.0,761.0,158.0,69.4,42.7,74.75333333333333
124,Брянская область,2022,71.22,547720.9,99.70214849123748,3.2,13127.0,422.0,54.0,74.4,38.7,70.83666666666666
145,Владимирская область,2022,70.8,779080.5,100.04613386137396,2.6,13501.0,13.0,73.0,83.8,37.9,71.2375
208,Воронежская область,2022,72.45,1363025.6,99.28260695172608,3.5,11832.0,127.0,115.0,78.3,53.7,71.83500000000001
250,Ивановская область,2022,70.57,362816.5,96.78760675841332,3.1,12806.0,7.0,25.0,88.7,47.1,73.555
334,Калужская область,2022,72.48,687651.6,94.4447446166452,3.9,13363.0,54.0,31.0,66.0,40.0,73.3425
418,Костромская область,2022,69.9,275038.3,97.31468086096925,3.4,12860.0,23.0,40.0,103.1,39.9,73.272
502,Курская область,2022,71.54,663507.8,98.9136199631802,3.0,12110.0,39.0,51.0,81.7,52.1,71.628
544,Липецкая область,2022,72.12,780138.9,101.3907206195534,3.7,11553.0,905.0,300.0,82.3,40.1,70.66874999999999
586,Московская область,2022,73.78,7774430.0,95.43193807838192,3.1,16223.0,6509.0,169.0,66.5,44.1,70.71142857142857
733,Орловская область,2022,70.73,366295.8,99.4836206527642,4.0,12945.0,22.0,25.0,86.4,45.0,70.465
1174,Рязанская область,2022,72.14,614419.9,98.7617484408294,2.9,12388.0,3970.0,83.0,77.1,55.6,70.925
1279,Смоленская область,2022,70.35,483282.4,100.84145917391253,3.5,13363.0,114.0,48.0,96.1,51.6,71.7175
1321,Тамбовская область,2022,72.01,452306.1,99.54915376071794,3.3,12210.0,11.0,62.0,76.5,45.9,71.42333333333332
1342,Тверская область,2022,69.94,620842.8,98.94475467069992,3.8,13363.0,166.0,51.0,92.9,48.3,0.0
1384,Тульская область,2022,71.86,1002419.4,102.53014581793812,3.6,13641.0,412.0,110.0,81.0,40.5,73.57600000000001
1552,Ярославская область,2022,71.55,740598.6,100.09080114531434,5.0,13085.0,15.0,87.0,92.9,54.0,71.17333333333333
1573,г. Москва,2022,78.17,27726392.1,98.6651367089502,2.2,20585.0,101.0,65.0,57.1,71.7,72.00833333333333
964,Республика Карелия,2022,69.03,392693.2,99.34293879150825,5.8,16614.0,115.0,134.0,82.7,59.0,71.41875
985,Республика Коми,2022,69.94,971635.0,99.9479911080193,6.7,16905.0,183.0,352.0,104.4,54.0,71.43
61,Архангельская область,2022,70.93,1189495.0,96.87542857905632,5.6,16147.0,319.0,206.0,92.6,61.1,72.035
187,Вологодская область,2022,71.56,1020858.9,102.55494018754644,3.4,14059.0,879.0,352.0,76.3,36.0,72.21666666666667
313,Калининградская область,2022,73.07,733450.2,99.72702825659104,3.1,14337.0,55.0,27.0,79.9,49.5,70.95333333333332
523,Ленинградская область,2022,73.33,1660133.9,101.40115578599224,3.3,14059.0,750.0,248.0,55.0,35.8,73.10000000000001
607,Мурманская область,2022,70.16,1152107.7,99.37390440849248,4.8,22250.0,1551.0,130.0,104.5,55.0,71.81
649,Новгородская область,2022,70.45,377578.5,102.87069608192422,3.1,13641.0,151.0,62.0,81.9,43.1,73.44666666666666
796,Псковская область,2022,68.95,255842.8,97.01375529994816,4.0,13780.0,16.0,42.0,93.6,35.0,70.07666666666665
1594,г. Санкт-Петербург,2022,75.77,11173493.1,100.105780634787,1.8,14476.0,24.0,70.0,83.6,89.1,70.68375
817,Республика Адыгея,2022,73.6,191559.8,97.24051789913864,7.1,11970.0,3.0,18.0,68.2,36.9,72.49
943,Республика Калмыкия,2022,73.49,119775.6,96.49934977576234,8.1,12945.0,0.1,3.0,79.4,48.2,70.8125
439,Краснодарский край,2022,72.92,4289164.5,102.00015632140205,3.5,13363.0,1078.0,358.0,73.0,45.7,71.81
82,Астраханская область,2022,71.8,763880.4,99.69700225313724,7.0,13501.0,14.0,104.0,84.9,60.6,73.9825
166,Волгоградская область,2022,73.24,1208235.4,100.50662490898232,3.5,11970.0,133.0,217.0,85.0,44.4,71.87333333333333
1153,Ростовская область,2022,72.0,2317782.0,100.25465782695716,3.5,13085.0,290.0,125.0,79.2,38.0,71.284
901,Республика Дагестан,2022,78.22,876956.5,95.81762247525766,12.1,12667.0,16.0,7.0,63.4,41.1,71.91400000000002
922,Республика Ингушетия,2022,78.34,83872.5,88.16323957396739,28.5,13085.0,0.0,2.0,43.5,45.2,71.256
292,Кабардино-Балкарская Республика,2022,75.51,246552.8,98.6036237918907,10.0,14894.0,0.1,4.0,66.3,45.4,69.71
355,Карачаево-Черкесская Республика,2022,75.32,123939.3,94.89757956249932,9.8,12627.0,50.0,13.0,67.3,43.1,70.66999999999999
1069,Республика Северная Осетия - Алания,2022,74.7,221180.7,97.1645292042029,11.9,12528.0,4.0,8.0,83.1,69.4,70.93
1300,Ставропольский край,2022,74.29,1177815.9,97.9453754250598,4.3,12528.0,84.0,107.0,78.1,45.3,73.10499999999999
859,Республика Башкортостан,2022,72.98,2217066.7,100.7860879579756,3.4,12110.0,283.0,433.0,79.6,43.7,70.946
1006,Республика Марий Эл,2022,71.9,252741.9,100.37192009874988,3.6,12250.0,10.0,33.0,80.5,36.7,70.845
1027,Республика Мордовия,2022,73.16,338912.4,101.76669389227386,3.6,11832.0,368.0,50.0,75.2,54.5,71.35499999999999
1090,Республика Татарстан,2022,74.92,4144697.3,100.07471483033446,2.3,11832.0,190.0,320.0,61.8,43.6,72.14
1426,Удмуртская Республика,2022,72.13,965539.8,100.13075501534124,2.9,12388.0,104.0,155.0,80.5,52.4,71.80799999999999
1510,Чувашская Республика,2022,72.49,489177.6,101.18001142637468,3.2,11832.0,9.0,32.0,80.7,53.4,71.67
397,Кировская область,2022,71.31,548013.8,98.54206224247405,3.8,12388.0,104.0,86.0,96.8,53.9,70.13333333333333
628,Нижегородская область,2022,71.49,2277255.2,103.08958171495313,4.1,13085.0,116.0,122.0,91.7,49.5,70.88499999999999
712,Оренбургская область,2022,71.24,1565767.7,99.00985877178972,3.5,12110.0,530.0,398.0,77.7,47.3,73.452
754,Пензенская область,2022,72.07,588291.7,100.20332331490384,3.7,11692.0,806.0,31.0,83.4,48.0,70.03999999999999
1195,Самарская область,2022,72.14,2367618.4,100.0879533769871,2.7,13085.0,239.0,234.0,70.6,48.2,72.50333333333333
1216,Саратовская область,2022,72.85,1176232.0,101.0283380362496,3.4,11692.0,470.0,118.0,95.9,49.1,70.98125
1447,Ульяновская область,2022,71.34,586437.6,100.11293875165418,4.2,12388.0,95.0,25.0,82.7,42.0,71.596
481,Курганская область,2022,69.88,336231.3,101.07366398163693,6.5,13085.0,40.0,35.0,87.9,30.9,73.84
1258,Свердловская область,2022,71.31,3443588.6,100.33989690590394,3.5,13501.0,7438.0,796.0,87.6,45.6,71.792
1405,Тюменская область,2022,74.59,13908749.1,103.75942853938416,2.7,13919.0,408.0,2337.0,74.1,59.8,72.49375
1489,Челябинская область,2022,72.16,2228903.6,102.74055200120786,3.1,13076.0,2279.0,425.0,74.4,42.2,71.4975
838,Республика Алтай,2022,68.47,89613.1,95.42287364830428,9.8,13085.0,0.6,8.0,75.3,46.4,72.82857142857142
1111,Республика Тыва,2022,67.11,107913.7,98.11026604733772,3.3,14059.0,6.0,107.0,109.3,40.2,0.0
1132,Республика Хакасия,2022,70.57,345846.6,100.70351213777188,3.7,14198.0,335.0,195.0,63.9,44.3,71.93
19,Алтайский край,2022,69.96,929614.2,103.62420952781537,2.7,12388.0,1106.0,2632.0,94.0,49.1,73.01400000000001
460,Красноярский край,2022,70.58,3314866.6,103.57905677585704,5.0,15451.0,6345.0,739.0,78.3,48.5,71.89
271,Иркутская область,2022,69.31,2347579.8,102.28357623425698,4.1,14754.0,2817.0,1593.0,88.5,43.4,73.126
376,Кемеровская область,2022,69.64,2170130.3,99.9952322064042,4.7,12667.0,3915.0,198.0,93.0,56.7,72.74333333333333
670,Новосибирская область,2022,71.49,1927143.6,99.50868272433576,5.3,14053.0,940.0,165.0,92.7,51.2,73.41999999999999
691,Омская область,2022,71.45,926750.2,100.12001234858954,5.2,12436.0,1613.0,160.0,83.4,60.0,74.178
1363,Томская область,2022,72.33,813183.4,101.74454033361395,7.4,14004.0,69.0,1279.0,103.3,42.6,72.0925
880,Республика Бурятия,2022,69.35,447267.3,100.68492827736505,9.5,15172.0,575.0,9.0,80.0,51.5,71.62
1048,Республика Саха (Якутия),2022,72.67,2009286.6,99.23660314786062,6.5,21019.0,424.0,338.0,85.7,59.7,71.87166666666666
775,Приморский край,2022,69.71,1575745.3,101.4999676631818,3.4,16564.0,1500.0,203.0,92.7,52.6,71.696
1468,Хабаровский край,2022,69.96,1065100.8,100.2930430831464,2.6,18558.0,549.0,146.0,85.8,55.3,72.155
40,Амурская область,2022,68.17,603562.5,99.50816442224124,4.2,16174.0,363.0,159.0,96.8,56.5,72.348
565,Магаданская область,2022,68.45,315361.1,95.77261054771944,4.1,24220.0,54.0,37.0,99.5,62.7,70.50999999999999
1237,Сахалинская область,2022,70.37,1672496.2,96.82464456985598,4.2,18930.0,53.0,74.0,117.0,69.6,71.585
229,Еврейская автономная область,2022,67.7,81120.5,99.60261271863808,5.2,18758.0,53.0,20.0,121.9,36.0,75.77
1531,Чукотский автономный округ,2022,66.2,145059.8,102.014939510871,1.9,31736.0,15.0,19.0,135.2,80.1,70.16
104,Белгородская область,2023,73.7,1341408.9,107.8,3.6,12075.0,1114.0,165.0,71.4,44.7,75.47999999999999
125,Брянская область,2023,71.98,627017.8,110.1,2.6,13560.0,212.0,55.0,75.0,40.4,71.44666666666666
146,Владимирская область,2023,71.62,893416.3,109.9,2.0,13944.0,24.0,75.0,83.6,38.0,71.8125
209,Воронежская область,2023,72.91,1494401.9,109.3,3.3,12363.0,119.0,120.0,77.6,56.1,72.39500000000001
251,Ивановская область,2023,71.18,435227.7,109.5,3.1,13369.0,6.0,27.0,92.3,47.7,74.685
335,Калужская область,2023,73.08,792281.5,106.9,2.4,13800.0,72.0,57.0,65.8,40.5,74.4175
419,Костромская область,2023,71.05,316018.2,108.0,3.1,13284.0,26.0,44.0,100.2,40.0,73.986
503,Курская область,2023,72.45,747687.1,109.4,2.4,12506.0,35.0,54.0,80.0,53.5,72.194
545,Липецкая область,2023,72.44,950272.5,109.4,2.9,11931.0,1132.0,308.0,81.8,40.2,71.19125
587,Московская область,2023,74.49,9244579.6,109.3,2.6,17277.0,340.0,205.0,64.0,44.7,71.42714285714285
734,Орловская область,2023,71.65,398720.4,109.9,3.3,13369.0,18.0,28.0,86.0,46.3,71.02000000000001
1175,Рязанская область,2023,73.19,692685.4,110.1,2.9,12794.0,1622.0,85.0,75.7,57.2,71.5575
1280,Смоленская область,2023,71.47,556552.9,113.2,3.0,13944.0,85.0,52.0,93.7,54.1,72.1025
1322,Тамбовская область,2023,72.87,522646.8,109.5,3.1,12796.0,13.0,76.0,77.7,46.1,71.94666666666666
1343,Тверская область,2023,70.61,750838.4,112.0,3.2,13944.0,128.0,60.0,92.6,49.2,0.0
1385,Тульская область,2023,72.15,1149160.2,111.7,2.7,14231.0,440.0,108.0,79.2,41.9,74.42
1553,Ярославская область,2023,71.99,849769.9,111.5,3.8,13800.0,14.0,101.0,91.2,55.5,71.89999999999999
1574,г. Москва,2023,79.38,32339001.6,104.4,1.8,21718.0,53.0,63.0,57.7,75.3,72.40833333333333
965,Республика Карелия,2023,69.75,434291.1,108.2,5.3,17877.0,123.0,135.0,84.4,59.9,71.99
986,Республика Коми,2023,70.43,1049365.5,106.6,4.7,17463.0,159.0,344.0,102.7,53.7,72.026
62,Архангельская область,2023,71.51,1263045.1,106.2,5.6,16675.0,308.0,187.0,90.8,61.9,72.82749999999999
188,Вологодская область,2023,71.7,1081822.9,103.7,3.1,14519.0,851.0,367.0,75.8,36.4,72.91833333333334
314,Калининградская область,2023,73.71,785205.9,108.6,3.0,14806.0,13.0,30.0,79.6,50.1,71.35333333333332
524,Ленинградская область,2023,74.88,1915187.7,107.2,2.8,14806.0,1033.0,234.0,55.1,36.4,73.81
608,Мурманская область,2023,70.44,1127497.3,106.0,3.4,23474.0,1862.0,147.0,102.8,56.6,72.40599999999999
650,Новгородская область,2023,70.43,408968.1,111.0,2.3,14088.0,179.0,71.0,85.7,45.9,74.38833333333332
797,Псковская область,2023,70.0,288750.0,109.3,2.9,14231.0,16.0,43.0,93.2,34.5,70.66333333333333
1595,г. Санкт-Петербург,2023,76.55,10908028.0,105.2,1.6,15094.0,36.0,67.0,84.3,91.4,71.25625
818,Республика Адыгея,2023,75.36,223013.0,110.1,4.0,12363.0,3.0,19.0,63.6,36.8,73.07
944,Республика Калмыкия,2023,74.53,166710.2,111.3,6.5,13656.0,0.3,5.0,74.8,48.5,71.41624999999999
440,Краснодарский край,2023,73.71,4772036.0,109.0,2.0,13800.0,1069.0,361.0,72.7,45.6,72.355
83,Астраханская область,2023,72.2,777718.3,106.6,4.4,13944.0,12.0,100.0,84.0,61.3,74.74249999999999
167,Волгоградская область,2023,73.69,1384980.9,111.2,2.9,12363.0,121.0,172.0,86.5,45.8,72.48333333333333
1154,Ростовская область,2023,73.48,2693193.0,109.5,3.1,13513.0,342.0,128.0,80.2,38.5,71.718
902,Республика Дагестан,2023,79.87,1034705.4,105.2,11.9,13081.0,11.0,12.0,64.0,40.1,72.474
923,Республика Ингушетия,2023,79.2,95319.7,101.4,27.8,13513.0,0.0,3.0,44.3,48.0,71.864
293,Кабардино-Балкарская Республика,2023,77.14,291100.4,106.5,9.1,15381.0,0.1,5.0,71.9,45.8,70.06
356,Карачаево-Черкесская Республика,2023,76.25,143310.6,107.5,7.3,13225.0,49.0,14.0,63.7,44.6,71.3025
1070,Республика Северная Осетия - Алания,2023,76.16,266555.8,106.7,10.1,12938.0,5.0,9.0,94.6,71.4,71.51
1301,Ставропольский край,2023,74.86,1340782.0,106.0,3.8,12938.0,87.0,99.0,80.9,44.8,73.7275
860,Республика Башкортостан,2023,73.17,2460269.4,110.5,2.3,12650.0,314.0,447.0,73.8,44.4,71.46000000000001
1007,Республика Марий Эл,2023,72.04,304473.1,112.3,3.4,12650.0,9.0,44.0,80.0,36.9,71.755
1028,Республика Мордовия,2023,73.78,396833.0,112.0,2.5,12219.0,557.0,58.0,74.9,54.5,71.83
1091,Республика Татарстан,2023,75.23,4583352.3,112.8,2.1,12219.0,159.0,320.0,61.6,45.3,72.53
1427,Удмуртская Республика,2023,72.34,1102900.3,110.3,2.5,12794.0,73.0,148.0,80.5,54.0,72.46000000000001
1511,Чувашская Республика,2023,73.07,601316.7,114.8,2.4,12363.0,9.0,26.0,80.5,54.6,72.465
398,Кировская область,2023,71.99,605915.5,111.1,3.2,12794.0,125.0,89.0,97.7,54.2,70.68333333333334
629,Нижегородская область,2023,72.1,2672241.8,111.0,1.9,13513.0,113.0,129.0,91.7,50.3,71.45
713,Оренбургская область,2023,71.12,1763998.8,116.2,2.6,12506.0,403.0,366.0,76.2,47.4,74.194
755,Пензенская область,2023,72.63,659002.8,111.0,2.9,12075.0,1118.0,38.0,82.1,47.3,70.75166666666667
1196,Самарская область,2023,72.53,2646488.2,111.7,2.0,13513.0,219.0,222.0,71.4,50.7,73.14
1217,Саратовская область,2023,73.27,1345119.0,110.6,2.7,12075.0,463.0,138.0,93.0,50.7,71.53375
1448,Ульяновская область,2023,72.04,673635.5,110.3,2.8,12794.0,603.0,27.0,82.6,44.2,71.97200000000001
482,Курганская область,2023,69.79,380466.7,115.9,4.7,13513.0,39.0,29.0,88.9,31.7,74.495
1259,Свердловская область,2023,71.84,4128119.1,111.1,2.4,14088.0,7436.0,817.0,86.6,45.4,72.42200000000001
1406,Тюменская область,2023,75.44,15946597.2,108.9,2.3,14375.0,388.0,2223.0,73.2,60.4,73.06625000000001
1490,Челябинская область,2023,72.43,2589084.6,110.4,2.4,13730.0,2057.0,410.0,73.4,43.2,72.4225
839,Республика Алтай,2023,69.39,108336.5,112.7,8.9,13513.0,0.7,10.0,74.8,45.7,73.63142857142857
1112,Республика Тыва,2023,66.59,122532.5,108.0,2.1,14519.0,6.0,111.0,103.7,40.1,0.0
1133,Республика Хакасия,2023,70.68,378551.6,110.6,3.4,14663.0,204.0,179.0,64.0,45.7,72.45
20,Алтайский край,2023,70.77,1024355.4,106.7,2.0,12794.0,570.0,2489.0,95.8,49.9,73.664
461,Красноярский край,2023,71.32,3719646.8,110.4,3.7,15956.0,6175.0,769.0,77.3,49.5,72.40857142857142
272,Иркутская область,2023,69.82,2539383.9,113.8,3.4,15238.0,2948.0,1429.0,87.3,43.7,73.79
377,Кемеровская область,2023,70.29,1883825.1,112.2,3.4,13081.0,3346.0,199.0,89.2,58.9,73.32333333333332
671,Новосибирская область,2023,72.2,2216436.2,110.6,3.6,14728.0,1139.0,159.0,89.7,52.3,74.004
692,Омская область,2023,71.83,1056600.3,107.2,4.0,13195.0,1550.0,157.0,82.3,63.9,74.888
1364,Томская область,2023,73.05,912449.4,108.3,5.8,14466.0,81.0,1327.0,105.8,43.8,72.57
881,Республика Бурятия,2023,69.54,503918.8,104.2,6.6,15669.0,571.0,11.0,81.0,51.3,72.06333333333333
1049,Республика Саха (Якутия),2023,73.55,2229816.5,109.6,5.7,21706.0,364.0,374.0,86.2,60.3,72.27666666666667
776,Приморский край,2023,70.06,1862934.3,109.0,2.6,17106.0,1889.0,204.0,91.9,53.5,72.67999999999999
1469,Хабаровский край,2023,70.33,1262368.1,109.3,2.1,19170.0,521.0,144.0,85.2,55.0,72.76
41,Амурская область,2023,68.25,793851.9,102.9,2.4,17047.0,412.0,157.0,93.0,56.9,72.91400000000002
566,Магаданская область,2023,69.3,403892.8000000001,104.4,3.4,25013.0,42.0,42.0,97.3,62.7,71.315
1238,Сахалинская область,2023,70.22,1624560.7,104.8,2.8,19550.0,68.0,81.0,118.0,72.9,72.32499999999999
230,Еврейская автономная область,2023,68.3,102215.3,108.3,3.7,19377.0,50.0,20.0,116.6,35.0,76.55
1532,Чукотский автономный округ,2023,66.56,186709.4,106.8,1.7,35938.0,16.0,20.0,134.7,76.4,70.44
